<ImportExportXml version="9.2.24052.212" SolutionPackageVersion="9.2" languagecode="1033" generatedBy="CrmLive" xmlns:xsi="http://www.w3.org/2001/XMLSchema-instance">
  <SolutionManifest>
    <UniqueName>TSCCPrototype</UniqueName>
    <LocalizedNames>
      <LocalizedName description="TSCC Prototype" languagecode="1033" />
    </LocalizedNames>
    <Descriptions />
    <Version>1.0.0.5</Version>
    <Managed>0</Managed>
    <Publisher>
      <UniqueName>Cr26cae</UniqueName>
      <LocalizedNames>
        <LocalizedName description="CDS Default Publisher" languagecode="1033" />
      </LocalizedNames>
      <Descriptions />
      <EMailAddress xsi:nil="true"></EMailAddress>
      <SupportingWebsiteUrl xsi:nil="true"></SupportingWebsiteUrl>
      <CustomizationPrefix>crb52</CustomizationPrefix>
      <CustomizationOptionValuePrefix>68703</CustomizationOptionValuePrefix>
      <Addresses>
        <Address>
          <AddressNumber>1</AddressNumber>
          <AddressTypeCode xsi:nil="true"></AddressTypeCode>
          <City xsi:nil="true"></City>
          <County xsi:nil="true"></County>
          <Country xsi:nil="true"></Country>
          <Fax xsi:nil="true"></Fax>
          <FreightTermsCode xsi:nil="true"></FreightTermsCode>
          <ImportSequenceNumber xsi:nil="true"></ImportSequenceNumber>
          <Latitude xsi:nil="true"></Latitude>
          <Line1 xsi:nil="true"></Line1>
          <Line2 xsi:nil="true"></Line2>
          <Line3 xsi:nil="true"></Line3>
          <Longitude xsi:nil="true"></Longitude>
          <Name xsi:nil="true"></Name>
          <PostalCode xsi:nil="true"></PostalCode>
          <PostOfficeBox xsi:nil="true"></PostOfficeBox>
          <PrimaryContactName xsi:nil="true"></PrimaryContactName>
          <ShippingMethodCode xsi:nil="true"></ShippingMethodCode>
          <StateOrProvince xsi:nil="true"></StateOrProvince>
          <Telephone1 xsi:nil="true"></Telephone1>
          <Telephone2 xsi:nil="true"></Telephone2>
          <Telephone3 xsi:nil="true"></Telephone3>
          <TimeZoneRuleVersionNumber xsi:nil="true"></TimeZoneRuleVersionNumber>
          <UPSZone xsi:nil="true"></UPSZone>
          <UTCOffset xsi:nil="true"></UTCOffset>
          <UTCConversionTimeZoneCode xsi:nil="true"></UTCConversionTimeZoneCode>
        </Address>
        <Address>
          <AddressNumber>2</AddressNumber>
          <AddressTypeCode xsi:nil="true"></AddressTypeCode>
          <City xsi:nil="true"></City>
          <County xsi:nil="true"></County>
          <Country xsi:nil="true"></Country>
          <Fax xsi:nil="true"></Fax>
          <FreightTermsCode xsi:nil="true"></FreightTermsCode>
          <ImportSequenceNumber xsi:nil="true"></ImportSequenceNumber>
          <Latitude xsi:nil="true"></Latitude>
          <Line1 xsi:nil="true"></Line1>
          <Line2 xsi:nil="true"></Line2>
          <Line3 xsi:nil="true"></Line3>
          <Longitude xsi:nil="true"></Longitude>
          <Name xsi:nil="true"></Name>
          <PostalCode xsi:nil="true"></PostalCode>
          <PostOfficeBox xsi:nil="true"></PostOfficeBox>
          <PrimaryContactName xsi:nil="true"></PrimaryContactName>
          <ShippingMethodCode xsi:nil="true"></ShippingMethodCode>
          <StateOrProvince xsi:nil="true"></StateOrProvince>
          <Telephone1 xsi:nil="true"></Telephone1>
          <Telephone2 xsi:nil="true"></Telephone2>
          <Telephone3 xsi:nil="true"></Telephone3>
          <TimeZoneRuleVersionNumber xsi:nil="true"></TimeZoneRuleVersionNumber>
          <UPSZone xsi:nil="true"></UPSZone>
          <UTCOffset xsi:nil="true"></UTCOffset>
          <UTCConversionTimeZoneCode xsi:nil="true"></UTCConversionTimeZoneCode>
        </Address>
      </Addresses>
    </Publisher>
    <RootComponents>
      <RootComponent type="1" schemaName="crb52_tsccdokumen" behavior="0" />
      <RootComponent type="1" schemaName="crb52_tsccverifikasiibl" behavior="0" />
      <RootComponent type="9" schemaName="demo_resultverifikasi" behavior="0" />
      <RootComponent type="29" id="{6a75396b-6826-ef11-840a-7c1e52164c1a}" behavior="0" />
      <RootComponent type="62" schemaName="crb52_TSCCApplikasiVerikisasiIBL" behavior="0" />
      <RootComponent type="80" schemaName="crb52_TSCCApplikasiVerikisasiIBL" behavior="0" />
      <RootComponent type="401" id="{0795048b-51eb-45c5-9beb-3c7545d7a277}" behavior="0" />
      <RootComponent type="401" id="{346a03a9-a6f1-4cd3-88a9-433702e36de9}" behavior="0" />
      <RootComponent type="401" id="{8116bbc6-793f-42b6-94d9-10a4d8d0cef5}" behavior="0" />
      <RootComponent type="401" id="{8199b878-f50c-4639-972b-11d81aef3427}" behavior="0" />
      <RootComponent type="401" id="{887c823a-0d25-4758-8032-71224fd2b566}" behavior="0" />
      <RootComponent type="401" id="{d43cc316-ee63-4bce-8ff4-25079eecd3bd}" behavior="0" />
      <RootComponent type="401" id="{f8e55831-4332-4c45-986e-e380d7ec04ef}" behavior="0" />
      <RootComponent type="401" id="{fb9b452f-2b3b-42a1-b61b-c2d0e603a035}" behavior="0" />
    </RootComponents>
    <MissingDependencies>
      <MissingDependency>
        <Required type="61" schemaName="msdyn_/Images/AppModule_Default_Icon.png" displayName="msdyn_/Images/AppModule_Default_Icon.png" solution="AppModuleWebResources (2.5)" />
        <Dependent type="80" schemaName="crb52_TSCCApplikasiVerikisasiIBL" displayName="TSCC Applikasi Verikisasi IBL" />
      </MissingDependency>
      <MissingDependency>
        <Required type="SettingDefinition" displayName="AppChannel" solution="msdyn_AppFrameworkInfraExtensions (1.0.0.10)" id.uniquename="AppChannel" />
        <Dependent type="AppSetting" displayName="parentappmoduleid.uniquename=crb52_TSCCApplikasiVerikisasiIBL,settingdefinitionid.uniquename=AppChannel" id.parentappmoduleid.uniquename="crb52_TSCCApplikasiVerikisasiIBL" id.settingdefinitionid.uniquename="AppChannel" />
      </MissingDependency>
    </MissingDependencies>
  </SolutionManifest>
</ImportExportXml>