{
  "properties": {
    "connectionReferences": {
      "shared_commondataserviceforapps_1": {
        "runtimeSource": "embedded",
        "connection": {
          "connectionReferenceLogicalName": "new_sharedcommondataserviceforapps_655af"
        },
        "api": {
          "name": "shared_commondataserviceforapps"
        }
      },
      "shared_sharepointonline_1": {
        "runtimeSource": "embedded",
        "connection": {
          "connectionReferenceLogicalName": "new_sharedsharepointonline_6a263"
        },
        "api": {
          "name": "shared_sharepointonline"
        }
      },
      "shared_commondataserviceforapps": {
        "runtimeSource": "embedded",
        "connection": {
          "connectionReferenceLogicalName": "new_sharedcommondataserviceforapps_655af"
        },
        "api": {
          "name": "shared_commondataserviceforapps"
        }
      }
    },
    "definition": {
      "$schema": "https://schema.management.azure.com/providers/Microsoft.Logic/schemas/2016-06-01/workflowdefinition.json#",
      "contentVersion": "1.0.0.0",
      "parameters": {
        "$connections": {
          "defaultValue": {},
          "type": "Object"
        },
        "$authentication": {
          "defaultValue": {},
          "type": "SecureObject"
        }
      },
      "triggers": {
        "When_File_Upload_is_added": {
          "metadata": {
            "operationMetadataId": "12bd9ba0-b60b-46f3-a140-d92fa382e61f"
          },
          "type": "OpenApiConnectionWebhook",
          "inputs": {
            "host": {
              "apiId": "/providers/Microsoft.PowerApps/apis/shared_commondataserviceforapps",
              "connectionName": "shared_commondataserviceforapps_1",
              "operationId": "SubscribeWebhookTrigger"
            },
            "parameters": {
              "subscriptionRequest/message": 3,
              "subscriptionRequest/entityname": "demo_sdaextractedfields",
              "subscriptionRequest/scope": 4,
              "subscriptionRequest/filteringattributes": "demo_upload",
              "subscriptionRequest/runas": 1,
              "subscriptionRequest/name": "fc7a4886-c818-ef11-9f89-000d3a9e5089"
            },
            "authentication": "@parameters('$authentication')"
          }
        }
      },
      "actions": {
        "PageMap": {
          "runAfter": {
            "Init_varKLTextArray": [
              "Succeeded"
            ]
          },
          "metadata": {
            "operationMetadataId": "4bc1fe18-5171-4bd6-ab7e-d06fc3a1e6f9"
          },
          "type": "Compose",
          "inputs": [
            {
              "name": "Dokumen terkait pembayaran",
              "pages": "1,2,3,4,5",
              "doc": "DTP"
            },
            {
              "name": "Lembar Catatan Verifikasi (jika dilakukan return)",
              "pages": "6",
              "doc": "LCV"
            },
            {
              "name": "Checklist Verifikasi OBL",
              "pages": "7,8,9",
              "doc": "CVO"
            },
            {
              "name": "Dokumen TEL 21",
              "pages": "10",
              "doc": "DT21"
            },
            {
              "name": "Checklist Verifikasi Material",
              "pages": "11",
              "doc": "CVM"
            },
            {
              "name": "Evidence Validitas Tanda Tangan Digital",
              "pages": "12,13,14",
              "doc": "EVTTD"
            },
            {
              "name": "Verifikasi Dokumen Checklist Logistik",
              "pages": "15",
              "doc": "VDCL"
            },
            {
              "name": "Lembar Purchase Order",
              "pages": "16,17,19",
              "doc": "LPO"
            },
            {
              "name": "Lembar Goods Receipt Notes",
              "pages": "20,21,22,24,25,26",
              "doc": "LGRN"
            },
            {
              "name": "Evidence Pembayaran Customer kepada Telkom",
              "pages": "27,28,29,30,31,32,33,34,35,36,37,38,39,40,41,42,43,44,45,46,47,48,49,50,51,52,53,54",
              "doc": "EPCKT"
            },
            {
              "name": "Surat Permohonan Bayar (SPB)",
              "pages": "55",
              "doc": "SPB"
            },
            {
              "name": "Invoice",
              "pages": "56",
              "doc": "INV"
            },
            {
              "name": "Kwitansi",
              "pages": "57",
              "doc": "KWT"
            },
            {
              "name": "Faktur Pajak",
              "pages": "58,59,60",
              "doc": "FP"
            },
            {
              "name": "Berita Acara Pemeriksaan Layanan Aktif (BAPLA)",
              "pages": "61,62,63,64",
              "doc": "BAPLA"
            },
            {
              "name": "Berita Acara Performansi Layanan (BAPL)",
              "pages": "65-78,88-123",
              "doc": "BAPL"
            },
            {
              "name": "Berita Acara Serah Terima (BAST)",
              "pages": "79",
              "doc": "BAST"
            },
            {
              "name": "Berita Acara Uji Terima (BAUT)",
              "pages": "80",
              "doc": "BAUT"
            },
            {
              "name": "Berita Acara Rekonsiliasi Delivery (BARD)",
              "pages": "82",
              "doc": "BARD"
            },
            {
              "name": "Kontrak Layanan (KL)",
              "pages": "124,125,126,127,128,129,130,131,132,133",
              "doc": "KL"
            },
            {
              "name": "Berita Acara Klarifikasi dan Negosiasi",
              "pages": "134,135,136",
              "doc": "BAKDN"
            },
            {
              "name": "Surat Kesanggupan Mitra",
              "pages": "137",
              "doc": "SKM"
            },
            {
              "name": "Berita Acara Penjelasan (BA Penjelasan)",
              "pages": "138,139",
              "doc": "BAP"
            },
            {
              "name": "Surat Penetapan Mitra Pelaksana (Form P8)",
              "pages": "140,141,142",
              "doc": "SPMPP8"
            },
            {
              "name": "Jaminan Pelaksanaan",
              "pages": "143,144,145,146",
              "doc": "JP"
            },
            {
              "name": "Surat Perjanjian dengan Customer / Kontrak Berlangganan (KB)",
              "pages": "159",
              "doc": "SPDKB"
            },
            {
              "name": "Berita Acara Penetapan Harga (BA Splitting)",
              "pages": "186",
              "doc": "BAPHBAS"
            }
          ]
        },
        "Extract_SPB": {
          "actions": {
            "SPBPageNumber": {
              "runAfter": {},
              "metadata": {
                "operationMetadataId": "d1cdaa5b-b4cc-438c-bed6-035944b9b841"
              },
              "type": "Query",
              "inputs": {
                "from": "@outputs('PageMap')",
                "where": "@equals(item()['doc'], 'SPB')"
              }
            },
            "SPB_Texts": {
              "runAfter": {
                "SPBPageNumber": [
                  "Succeeded"
                ]
              },
              "metadata": {
                "operationMetadataId": "0b76cf25-482c-413c-9747-5189e99ad490"
              },
              "type": "Query",
              "inputs": {
                "from": "@variables('varTexts')['responsev2/predictionOutput/results']",
                "where": "@equals(item()['page'], int(body('SPBPageNumber')[0]['pages']))"
              }
            },
            "SPB_lines": {
              "runAfter": {
                "SPB_Texts": [
                  "Succeeded"
                ]
              },
              "metadata": {
                "operationMetadataId": "2b04fa86-bb33-419e-b9b7-f17ded50b48b"
              },
              "type": "Select",
              "inputs": {
                "from": "@body('SPB_Texts')[0]['lines']",
                "select": {
                  "text": "@item()['text']"
                }
              }
            },
            "Process_SPB": {
              "runAfter": {
                "Log_SPB_Starts": [
                  "Succeeded"
                ]
              },
              "metadata": {
                "operationMetadataId": "14bcb52f-134c-4a53-a2f8-bd5969c9a8ce",
                "flowSystemMetadata": {
                  "portalOperationId": "aibuilderpredict_customprompt",
                  "portalOperationGroup": "aibuilder",
                  "portalOperationApiDisplayNameOverride": "AI Builder",
                  "portalOperationIconOverride": "https://content.powerapps.com/resource/makerx/static/pauto/images/designeroperations/aiBuilderNew.51dbdb6b.png",
                  "portalOperationBrandColorOverride": "#0A76C4",
                  "portalOperationApiTierOverride": "Standard"
                }
              },
              "type": "OpenApiConnection",
              "inputs": {
                "host": {
                  "apiId": "/providers/Microsoft.PowerApps/apis/shared_commondataserviceforapps",
                  "connectionName": "shared_commondataserviceforapps_1",
                  "operationId": "aibuilderpredict_customprompt"
                },
                "parameters": {
                  "recordId": "902e9dfb-8e2b-4b17-ac9c-d9c54fab9e27",
                  "item/requestv2/JSON": "@body('SPB_lines')"
                },
                "authentication": "@parameters('$authentication')"
              }
            },
            "Log_SPB_Completes": {
              "runAfter": {
                "Process_SPB": [
                  "Succeeded"
                ]
              },
              "metadata": {
                "operationMetadataId": "521b2a6d-c325-4b98-9d07-fb193fd06d8f"
              },
              "type": "OpenApiConnection",
              "inputs": {
                "host": {
                  "apiId": "/providers/Microsoft.PowerApps/apis/shared_commondataserviceforapps",
                  "connectionName": "shared_commondataserviceforapps_1",
                  "operationId": "CreateRecord"
                },
                "parameters": {
                  "entityName": "demo_sdaprocessinglogs",
                  "item/demo_name": "SPB Extraction completes successfully.",
                  "item/demo_extractedvalues": "@outputs('Process_SPB')?['body/responsev2/predictionOutput/text']",
                  "item/demo_extractiontype": 100000001,
                  "item/demo_SDAUpload@odata.bind": "demo_sdaextractedfieldses(@{triggerOutputs()?['body/demo_sdaextractedfieldsid']})"
                },
                "authentication": "@parameters('$authentication')"
              }
            },
            "Log_SPB_Starts": {
              "runAfter": {
                "SPB_lines": [
                  "Succeeded"
                ]
              },
              "metadata": {
                "operationMetadataId": "ba6735e0-c8d0-4797-b54e-76309cde37e3"
              },
              "type": "OpenApiConnection",
              "inputs": {
                "host": {
                  "apiId": "/providers/Microsoft.PowerApps/apis/shared_commondataserviceforapps",
                  "connectionName": "shared_commondataserviceforapps_1",
                  "operationId": "CreateRecord"
                },
                "parameters": {
                  "entityName": "demo_sdaprocessinglogs",
                  "item/demo_name": "Extracting SPB",
                  "item/demo_extractiontype": 100000001,
                  "item/demo_SDAUpload@odata.bind": "demo_sdaextractedfieldses(@{triggerOutputs()?['body/demo_sdaextractedfieldsid']})"
                },
                "authentication": "@parameters('$authentication')"
              }
            },
            "Log_SPB_Incomplete": {
              "runAfter": {
                "Process_SPB": [
                  "Failed",
                  "TimedOut"
                ]
              },
              "metadata": {
                "operationMetadataId": "5e8e45ba-0b02-497c-b185-c46d6fb8de99"
              },
              "type": "OpenApiConnection",
              "inputs": {
                "host": {
                  "apiId": "/providers/Microsoft.PowerApps/apis/shared_commondataserviceforapps",
                  "connectionName": "shared_commondataserviceforapps_1",
                  "operationId": "CreateRecord"
                },
                "parameters": {
                  "entityName": "demo_sdaprocessinglogs",
                  "item/demo_name": "SPB Extraction encountered one or more error(s).",
                  "item/demo_extractiontype": 100000001,
                  "item/demo_SDAUpload@odata.bind": "demo_sdaextractedfieldses(@{triggerOutputs()?['body/demo_sdaextractedfieldsid']})"
                },
                "authentication": "@parameters('$authentication')"
              }
            }
          },
          "runAfter": {
            "If_Not_isTest": [
              "Succeeded"
            ]
          },
          "metadata": {
            "operationMetadataId": "4e703429-f167-4b27-bac4-a63113f8aadb"
          },
          "type": "Scope"
        },
        "Extract_Invoice": {
          "actions": {
            "InvoicePageNumber": {
              "runAfter": {},
              "metadata": {
                "operationMetadataId": "d1cdaa5b-b4cc-438c-bed6-035944b9b841"
              },
              "type": "Query",
              "inputs": {
                "from": "@outputs('PageMap')",
                "where": "@equals(item()['doc'], 'INV')"
              }
            },
            "INV_Text": {
              "runAfter": {
                "InvoicePageNumber": [
                  "Succeeded"
                ]
              },
              "metadata": {
                "operationMetadataId": "0b76cf25-482c-413c-9747-5189e99ad490"
              },
              "type": "Query",
              "inputs": {
                "from": "@variables('varTexts')['responsev2/predictionOutput/results']",
                "where": "@equals(item()['page'], int(body('InvoicePageNumber')[0]['pages']))"
              }
            },
            "INV_lines": {
              "runAfter": {
                "INV_Text": [
                  "Succeeded"
                ]
              },
              "metadata": {
                "operationMetadataId": "2b04fa86-bb33-419e-b9b7-f17ded50b48b"
              },
              "type": "Select",
              "inputs": {
                "from": "@body('INV_Text')[0]['lines']",
                "select": {
                  "text": "@item()['text']"
                }
              }
            },
            "Process_INV": {
              "runAfter": {
                "Log_INV_Starts": [
                  "Succeeded"
                ]
              },
              "metadata": {
                "operationMetadataId": "0361ad7e-4d60-48ec-ac00-b040a7e2b314",
                "flowSystemMetadata": {
                  "portalOperationId": "aibuilderpredict_customprompt",
                  "portalOperationGroup": "aibuilder",
                  "portalOperationApiDisplayNameOverride": "AI Builder",
                  "portalOperationIconOverride": "https://content.powerapps.com/resource/makerx/static/pauto/images/designeroperations/aiBuilderNew.51dbdb6b.png",
                  "portalOperationBrandColorOverride": "#0A76C4",
                  "portalOperationApiTierOverride": "Standard"
                }
              },
              "type": "OpenApiConnection",
              "inputs": {
                "host": {
                  "apiId": "/providers/Microsoft.PowerApps/apis/shared_commondataserviceforapps",
                  "connectionName": "shared_commondataserviceforapps_1",
                  "operationId": "aibuilderpredict_customprompt"
                },
                "parameters": {
                  "recordId": "38540de5-217e-4077-a18e-3421acb78e1f",
                  "item/requestv2/JSON": "@body('INV_lines')"
                },
                "authentication": "@parameters('$authentication')"
              }
            },
            "Log_INV_Starts": {
              "runAfter": {
                "INV_lines": [
                  "Succeeded"
                ]
              },
              "metadata": {
                "operationMetadataId": "02dc3f57-335a-4e51-890c-868551d12542"
              },
              "type": "OpenApiConnection",
              "inputs": {
                "host": {
                  "apiId": "/providers/Microsoft.PowerApps/apis/shared_commondataserviceforapps",
                  "connectionName": "shared_commondataserviceforapps_1",
                  "operationId": "CreateRecord"
                },
                "parameters": {
                  "entityName": "demo_sdaprocessinglogs",
                  "item/demo_name": "Extracting INV",
                  "item/demo_extractiontype": 100000002,
                  "item/demo_SDAUpload@odata.bind": "demo_sdaextractedfieldses(@{triggerOutputs()?['body/demo_sdaextractedfieldsid']})"
                },
                "authentication": "@parameters('$authentication')"
              }
            },
            "Log_INV_Completes": {
              "runAfter": {
                "Process_INV": [
                  "Succeeded"
                ]
              },
              "metadata": {
                "operationMetadataId": "d6999442-d1fe-4750-8987-913a29fe35c7"
              },
              "type": "OpenApiConnection",
              "inputs": {
                "host": {
                  "apiId": "/providers/Microsoft.PowerApps/apis/shared_commondataserviceforapps",
                  "connectionName": "shared_commondataserviceforapps_1",
                  "operationId": "CreateRecord"
                },
                "parameters": {
                  "entityName": "demo_sdaprocessinglogs",
                  "item/demo_name": "INV Extraction completes successfully.",
                  "item/demo_extractedvalues": "@outputs('Process_INV')?['body/responsev2/predictionOutput/text']",
                  "item/demo_extractiontype": 100000002,
                  "item/demo_SDAUpload@odata.bind": "demo_sdaextractedfieldses(@{triggerOutputs()?['body/demo_sdaextractedfieldsid']})"
                },
                "authentication": "@parameters('$authentication')"
              }
            },
            "Log_INV_Incomplete": {
              "runAfter": {
                "Process_INV": [
                  "Failed",
                  "TimedOut"
                ]
              },
              "metadata": {
                "operationMetadataId": "0d19d9de-c76e-4507-bf32-5072a14c3317"
              },
              "type": "OpenApiConnection",
              "inputs": {
                "host": {
                  "apiId": "/providers/Microsoft.PowerApps/apis/shared_commondataserviceforapps",
                  "connectionName": "shared_commondataserviceforapps_1",
                  "operationId": "CreateRecord"
                },
                "parameters": {
                  "entityName": "demo_sdaprocessinglogs",
                  "item/demo_name": "INV Extraction encountered one or more error(s).",
                  "item/demo_extractiontype": 100000002,
                  "item/demo_SDAUpload@odata.bind": "demo_sdaextractedfieldses(@{triggerOutputs()?['body/demo_sdaextractedfieldsid']})"
                },
                "authentication": "@parameters('$authentication')"
              }
            }
          },
          "runAfter": {
            "If_Not_isTest": [
              "Succeeded"
            ]
          },
          "metadata": {
            "operationMetadataId": "4e703429-f167-4b27-bac4-a63113f8aadb"
          },
          "type": "Scope"
        },
        "If_Not_isTest": {
          "actions": {
            "Recognize_text_in_an_image_or_a_PDF_document": {
              "runAfter": {},
              "metadata": {
                "operationMetadataId": "b2221201-c09e-42ab-b724-cbc8cb0eb38b",
                "flowSystemMetadata": {
                  "portalOperationId": "aibuilderpredict_textrecognition",
                  "portalOperationGroup": "aibuilder",
                  "portalOperationApiDisplayNameOverride": "AI Builder",
                  "portalOperationIconOverride": "https://content.powerapps.com/resource/makerx/static/pauto/images/designeroperations/aiBuilderNew.51dbdb6b.png",
                  "portalOperationBrandColorOverride": "#0A76C4",
                  "portalOperationApiTierOverride": "Standard"
                }
              },
              "type": "OpenApiConnection",
              "inputs": {
                "host": {
                  "apiId": "/providers/Microsoft.PowerApps/apis/shared_commondataserviceforapps",
                  "connectionName": "shared_commondataserviceforapps_1",
                  "operationId": "aibuilderpredict_textrecognition"
                },
                "parameters": {
                  "item/requestv2/base64Encoded": "@body('Get_File')",
                  "recordId": "86419a67-205a-454f-b6fc-601394f2786d"
                },
                "authentication": "@parameters('$authentication')"
              }
            },
            "Set_variable_2": {
              "runAfter": {
                "Recognize_text_in_an_image_or_a_PDF_document": [
                  "Succeeded"
                ]
              },
              "metadata": {
                "operationMetadataId": "0246bfc5-f58a-48ae-b525-6c5cbc5115d8"
              },
              "type": "SetVariable",
              "inputs": {
                "name": "varTexts",
                "value": "@body('Recognize_text_in_an_image_or_a_PDF_document')"
              }
            }
          },
          "runAfter": {
            "PageMap": [
              "Succeeded"
            ]
          },
          "else": {
            "actions": {
              "Static_Json": {
                "runAfter": {},
                "metadata": {
                  "%252fShared%2bDocuments%252fSDAdoc.json": "/Shared Documents/SDAdoc.json",
                  "operationMetadataId": "b076b42d-5ac0-4fec-913a-9ce73bec679a"
                },
                "type": "OpenApiConnection",
                "inputs": {
                  "host": {
                    "apiId": "/providers/Microsoft.PowerApps/apis/shared_sharepointonline",
                    "connectionName": "shared_sharepointonline_1",
                    "operationId": "GetFileContent"
                  },
                  "parameters": {
                    "dataset": "https://crm250237.sharepoint.com/sites/SDA",
                    "id": "%252fShared%2bDocuments%252fSDAdoc.json",
                    "inferContentType": true
                  },
                  "authentication": "@parameters('$authentication')"
                }
              },
              "Set_variable": {
                "runAfter": {
                  "Static_Json": [
                    "Succeeded"
                  ]
                },
                "metadata": {
                  "operationMetadataId": "1c11f302-656f-46ee-9362-dd2285abbee0"
                },
                "type": "SetVariable",
                "inputs": {
                  "name": "varTexts",
                  "value": "@body('Static_Json')"
                }
              }
            }
          },
          "expression": {
            "not": {
              "equals": [
                "@triggerOutputs()?['body/demo_uploadmode']",
                1000000
              ]
            }
          },
          "metadata": {
            "operationMetadataId": "20a27384-9d1a-4b8e-b2af-ffb7c6727059"
          },
          "type": "If"
        },
        "Init_varTexts": {
          "runAfter": {
            "Get_File": [
              "Succeeded"
            ]
          },
          "metadata": {
            "operationMetadataId": "2e85d3d4-0bd1-4456-9194-ef1f2306fe74"
          },
          "type": "InitializeVariable",
          "inputs": {
            "variables": [
              {
                "name": "varTexts",
                "type": "object"
              }
            ]
          }
        },
        "Extract_BAUT": {
          "actions": {
            "BAUTPageNumber": {
              "runAfter": {},
              "metadata": {
                "operationMetadataId": "d1cdaa5b-b4cc-438c-bed6-035944b9b841"
              },
              "type": "Query",
              "inputs": {
                "from": "@outputs('PageMap')",
                "where": "@equals(item()['doc'], 'BAUT')"
              }
            },
            "BAUT_Text": {
              "runAfter": {
                "BAUTPageNumber": [
                  "Succeeded"
                ]
              },
              "metadata": {
                "operationMetadataId": "0b76cf25-482c-413c-9747-5189e99ad490"
              },
              "type": "Query",
              "inputs": {
                "from": "@variables('varTexts')['responsev2/predictionOutput/results']",
                "where": "@equals(item()['page'], int(body('BAUTPageNumber')[0]['pages']))"
              }
            },
            "BAUT_lines": {
              "runAfter": {
                "BAUT_Text": [
                  "Succeeded"
                ]
              },
              "metadata": {
                "operationMetadataId": "2b04fa86-bb33-419e-b9b7-f17ded50b48b"
              },
              "type": "Select",
              "inputs": {
                "from": "@body('BAUT_Text')[0]['lines']",
                "select": {
                  "text": "@item()['text']"
                }
              }
            },
            "Process_BAUT": {
              "runAfter": {
                "Log_BAUT_Starts": [
                  "Succeeded"
                ]
              },
              "metadata": {
                "operationMetadataId": "b2646a6b-2a81-42e2-b3c5-e06ee8eda12b",
                "flowSystemMetadata": {
                  "portalOperationId": "aibuilderpredict_customprompt",
                  "portalOperationGroup": "aibuilder",
                  "portalOperationApiDisplayNameOverride": "AI Builder",
                  "portalOperationIconOverride": "https://content.powerapps.com/resource/makerx/static/pauto/images/designeroperations/aiBuilderNew.51dbdb6b.png",
                  "portalOperationBrandColorOverride": "#0A76C4",
                  "portalOperationApiTierOverride": "Standard"
                }
              },
              "type": "OpenApiConnection",
              "inputs": {
                "host": {
                  "apiId": "/providers/Microsoft.PowerApps/apis/shared_commondataserviceforapps",
                  "connectionName": "shared_commondataserviceforapps_1",
                  "operationId": "aibuilderpredict_customprompt"
                },
                "parameters": {
                  "recordId": "5702b84e-8c0f-41b2-9a84-7a842d56c89a",
                  "item/requestv2/JSON": "@body('BAUT_lines')"
                },
                "authentication": "@parameters('$authentication')"
              }
            },
            "Log_BAUT_Starts": {
              "runAfter": {
                "BAUT_lines": [
                  "Succeeded"
                ]
              },
              "metadata": {
                "operationMetadataId": "60093a97-6a15-48b7-9e13-297fc5cd470d"
              },
              "type": "OpenApiConnection",
              "inputs": {
                "host": {
                  "apiId": "/providers/Microsoft.PowerApps/apis/shared_commondataserviceforapps",
                  "connectionName": "shared_commondataserviceforapps_1",
                  "operationId": "CreateRecord"
                },
                "parameters": {
                  "entityName": "demo_sdaprocessinglogs",
                  "item/demo_name": "Extracting BAUT",
                  "item/demo_extractiontype": 100000003,
                  "item/demo_SDAUpload@odata.bind": "demo_sdaextractedfieldses(@{triggerOutputs()?['body/demo_sdaextractedfieldsid']})"
                },
                "authentication": "@parameters('$authentication')"
              }
            },
            "Log_BAUT_Completes": {
              "runAfter": {
                "Process_BAUT": [
                  "Succeeded"
                ]
              },
              "metadata": {
                "operationMetadataId": "a620b294-f423-4fd0-abcb-3f1c74cfdd32"
              },
              "type": "OpenApiConnection",
              "inputs": {
                "host": {
                  "apiId": "/providers/Microsoft.PowerApps/apis/shared_commondataserviceforapps",
                  "connectionName": "shared_commondataserviceforapps_1",
                  "operationId": "CreateRecord"
                },
                "parameters": {
                  "entityName": "demo_sdaprocessinglogs",
                  "item/demo_name": "BAUT Extraction completes successfully.",
                  "item/demo_extractedvalues": "@outputs('Process_BAUT')?['body/responsev2/predictionOutput/text']",
                  "item/demo_extractiontype": 100000003,
                  "item/demo_SDAUpload@odata.bind": "demo_sdaextractedfieldses(@{triggerOutputs()?['body/demo_sdaextractedfieldsid']})"
                },
                "authentication": "@parameters('$authentication')"
              }
            },
            "Log_BAUT_Incomplete": {
              "runAfter": {
                "Process_BAUT": [
                  "Failed",
                  "TimedOut"
                ]
              },
              "metadata": {
                "operationMetadataId": "31103d15-fa30-4250-be3e-a61e08d84663"
              },
              "type": "OpenApiConnection",
              "inputs": {
                "host": {
                  "apiId": "/providers/Microsoft.PowerApps/apis/shared_commondataserviceforapps",
                  "connectionName": "shared_commondataserviceforapps_1",
                  "operationId": "CreateRecord"
                },
                "parameters": {
                  "entityName": "demo_sdaprocessinglogs",
                  "item/demo_name": "BAUT Extraction encountered one or more error(s).",
                  "item/demo_extractiontype": 100000003,
                  "item/demo_SDAUpload@odata.bind": "demo_sdaextractedfieldses(@{triggerOutputs()?['body/demo_sdaextractedfieldsid']})"
                },
                "authentication": "@parameters('$authentication')"
              }
            }
          },
          "runAfter": {
            "If_Not_isTest": [
              "Succeeded"
            ]
          },
          "metadata": {
            "operationMetadataId": "4e703429-f167-4b27-bac4-a63113f8aadb"
          },
          "type": "Scope"
        },
        "Extract_BARD": {
          "actions": {
            "BARDPageNumber": {
              "runAfter": {},
              "metadata": {
                "operationMetadataId": "d1cdaa5b-b4cc-438c-bed6-035944b9b841"
              },
              "type": "Query",
              "inputs": {
                "from": "@outputs('PageMap')",
                "where": "@equals(item()['doc'], 'BARD')"
              }
            },
            "BARD_Text": {
              "runAfter": {
                "BARDPageNumber": [
                  "Succeeded"
                ]
              },
              "metadata": {
                "operationMetadataId": "0b76cf25-482c-413c-9747-5189e99ad490"
              },
              "type": "Query",
              "inputs": {
                "from": "@variables('varTexts')['responsev2/predictionOutput/results']",
                "where": "@equals(item()['page'], int(body('BARDPageNumber')[0]['pages']))"
              }
            },
            "BARD_lines": {
              "runAfter": {
                "BARD_Text": [
                  "Succeeded"
                ]
              },
              "metadata": {
                "operationMetadataId": "2b04fa86-bb33-419e-b9b7-f17ded50b48b"
              },
              "type": "Select",
              "inputs": {
                "from": "@body('BARD_Text')[0]['lines']",
                "select": {
                  "text": "@item()['text']"
                }
              }
            },
            "Process_BARD": {
              "runAfter": {
                "Log_BARD_Starts": [
                  "Succeeded"
                ]
              },
              "metadata": {
                "operationMetadataId": "c3ac161b-f87b-434b-9a3d-59af533620e5",
                "flowSystemMetadata": {
                  "portalOperationId": "aibuilderpredict_customprompt",
                  "portalOperationGroup": "aibuilder",
                  "portalOperationApiDisplayNameOverride": "AI Builder",
                  "portalOperationIconOverride": "https://content.powerapps.com/resource/makerx/static/pauto/images/designeroperations/aiBuilderNew.51dbdb6b.png",
                  "portalOperationBrandColorOverride": "#0A76C4",
                  "portalOperationApiTierOverride": "Standard"
                }
              },
              "type": "OpenApiConnection",
              "inputs": {
                "host": {
                  "apiId": "/providers/Microsoft.PowerApps/apis/shared_commondataserviceforapps",
                  "connectionName": "shared_commondataserviceforapps_1",
                  "operationId": "aibuilderpredict_customprompt"
                },
                "parameters": {
                  "recordId": "73e84939-9168-4df4-9ac2-622a0a895f3d",
                  "item/requestv2/JSON": "@body('BARD_lines')"
                },
                "authentication": "@parameters('$authentication')"
              }
            },
            "Log_BARD_Starts": {
              "runAfter": {
                "BARD_lines": [
                  "Succeeded"
                ]
              },
              "metadata": {
                "operationMetadataId": "96dcce51-4f4f-429a-9d15-8943b08d98bc"
              },
              "type": "OpenApiConnection",
              "inputs": {
                "host": {
                  "apiId": "/providers/Microsoft.PowerApps/apis/shared_commondataserviceforapps",
                  "connectionName": "shared_commondataserviceforapps_1",
                  "operationId": "CreateRecord"
                },
                "parameters": {
                  "entityName": "demo_sdaprocessinglogs",
                  "item/demo_name": "Extracting BARD",
                  "item/demo_extractiontype": 100000004,
                  "item/demo_SDAUpload@odata.bind": "demo_sdaextractedfieldses(@{triggerOutputs()?['body/demo_sdaextractedfieldsid']})"
                },
                "authentication": "@parameters('$authentication')"
              }
            },
            "Log_BARD_Completes": {
              "runAfter": {
                "Process_BARD": [
                  "Succeeded"
                ]
              },
              "metadata": {
                "operationMetadataId": "035a6e98-8cf0-4140-b446-dc9b73121d30"
              },
              "type": "OpenApiConnection",
              "inputs": {
                "host": {
                  "apiId": "/providers/Microsoft.PowerApps/apis/shared_commondataserviceforapps",
                  "connectionName": "shared_commondataserviceforapps_1",
                  "operationId": "CreateRecord"
                },
                "parameters": {
                  "entityName": "demo_sdaprocessinglogs",
                  "item/demo_name": "BARD Extraction completes successfully.",
                  "item/demo_extractedvalues": "@outputs('Process_BARD')?['body/responsev2/predictionOutput/text']",
                  "item/demo_extractiontype": 100000004,
                  "item/demo_SDAUpload@odata.bind": "demo_sdaextractedfieldses(@{triggerOutputs()?['body/demo_sdaextractedfieldsid']})"
                },
                "authentication": "@parameters('$authentication')"
              }
            },
            "Log_BARD_Incomplete": {
              "runAfter": {
                "Process_BARD": [
                  "Failed",
                  "TimedOut"
                ]
              },
              "metadata": {
                "operationMetadataId": "7f210999-0dda-460a-ac67-c763af7c8eec"
              },
              "type": "OpenApiConnection",
              "inputs": {
                "host": {
                  "apiId": "/providers/Microsoft.PowerApps/apis/shared_commondataserviceforapps",
                  "connectionName": "shared_commondataserviceforapps_1",
                  "operationId": "CreateRecord"
                },
                "parameters": {
                  "entityName": "demo_sdaprocessinglogs",
                  "item/demo_name": "BARD Extraction encountered one or more error(s).",
                  "item/demo_extractiontype": 100000004,
                  "item/demo_SDAUpload@odata.bind": "demo_sdaextractedfieldses(@{triggerOutputs()?['body/demo_sdaextractedfieldsid']})"
                },
                "authentication": "@parameters('$authentication')"
              }
            }
          },
          "runAfter": {
            "If_Not_isTest": [
              "Succeeded"
            ]
          },
          "metadata": {
            "operationMetadataId": "4e703429-f167-4b27-bac4-a63113f8aadb"
          },
          "type": "Scope"
        },
        "Extract_KL": {
          "actions": {
            "KLPageNumbers": {
              "runAfter": {},
              "metadata": {
                "operationMetadataId": "d1cdaa5b-b4cc-438c-bed6-035944b9b841"
              },
              "type": "Query",
              "inputs": {
                "from": "@outputs('PageMap')",
                "where": "@equals(item()['doc'], 'KL')"
              }
            },
            "Each_KL_Page": {
              "foreach": "@split(body('KLPageNumbers')[0]['pages'],',')",
              "actions": {
                "KL_Text": {
                  "runAfter": {},
                  "metadata": {
                    "operationMetadataId": "0b76cf25-482c-413c-9747-5189e99ad490"
                  },
                  "type": "Query",
                  "inputs": {
                    "from": "@variables('varTexts')['responsev2/predictionOutput/results']",
                    "where": "@equals(item()['page'], int(items('Each_KL_Page')))"
                  }
                },
                "KL_Lines": {
                  "runAfter": {
                    "KL_Text": [
                      "Succeeded"
                    ]
                  },
                  "metadata": {
                    "operationMetadataId": "2b04fa86-bb33-419e-b9b7-f17ded50b48b"
                  },
                  "type": "Select",
                  "inputs": {
                    "from": "@body('KL_Text')[0]['lines']",
                    "select": {
                      "text": "@item()['text']"
                    }
                  }
                },
                "Append_to_array_variable": {
                  "runAfter": {
                    "KL_Lines": [
                      "Succeeded"
                    ]
                  },
                  "metadata": {
                    "operationMetadataId": "2d65d064-f472-4327-ad49-6a168ede2ef9"
                  },
                  "type": "AppendToArrayVariable",
                  "inputs": {
                    "name": "varKLTextArray",
                    "value": "@addProperty(json('{}'),'content',body('KL_Lines'))"
                  }
                }
              },
              "runAfter": {
                "KLPageNumbers": [
                  "Succeeded"
                ]
              },
              "metadata": {
                "operationMetadataId": "87163997-ccb0-4161-80ac-5597bdf13e5d"
              },
              "type": "Foreach",
              "runtimeConfiguration": {
                "concurrency": {
                  "repetitions": 20
                }
              }
            },
            "Process_KL": {
              "runAfter": {
                "Log_KL_Starts": [
                  "Succeeded"
                ]
              },
              "metadata": {
                "operationMetadataId": "77fb8196-c69f-4f91-afa4-d3115b61e3f9",
                "flowSystemMetadata": {
                  "portalOperationId": "aibuilderpredict_customprompt",
                  "portalOperationGroup": "aibuilder",
                  "portalOperationApiDisplayNameOverride": "AI Builder",
                  "portalOperationIconOverride": "https://content.powerapps.com/resource/makerx/static/pauto/images/designeroperations/aiBuilderNew.51dbdb6b.png",
                  "portalOperationBrandColorOverride": "#0A76C4",
                  "portalOperationApiTierOverride": "Standard"
                }
              },
              "type": "OpenApiConnection",
              "inputs": {
                "host": {
                  "apiId": "/providers/Microsoft.PowerApps/apis/shared_commondataserviceforapps",
                  "connectionName": "shared_commondataserviceforapps_1",
                  "operationId": "aibuilderpredict_customprompt"
                },
                "parameters": {
                  "recordId": "8c1f46fe-9e7f-4b69-b0ff-38e36f6f5938",
                  "item/requestv2/JSON": "@variables('varKLTextArray')"
                },
                "authentication": "@parameters('$authentication')"
              }
            },
            "Log_KL_Starts": {
              "runAfter": {
                "Each_KL_Page": [
                  "Succeeded"
                ]
              },
              "metadata": {
                "operationMetadataId": "4b27b827-00ca-4e5f-968d-07a653aecc24"
              },
              "type": "OpenApiConnection",
              "inputs": {
                "host": {
                  "apiId": "/providers/Microsoft.PowerApps/apis/shared_commondataserviceforapps",
                  "connectionName": "shared_commondataserviceforapps_1",
                  "operationId": "CreateRecord"
                },
                "parameters": {
                  "entityName": "demo_sdaprocessinglogs",
                  "item/demo_name": "Extracting KL",
                  "item/demo_extractiontype": 100000005,
                  "item/demo_SDAUpload@odata.bind": "demo_sdaextractedfieldses(@{triggerOutputs()?['body/demo_sdaextractedfieldsid']})"
                },
                "authentication": "@parameters('$authentication')"
              }
            },
            "Log_KL_Completes": {
              "runAfter": {
                "Process_KL": [
                  "Succeeded"
                ]
              },
              "metadata": {
                "operationMetadataId": "5fa22de6-18ec-4532-89c5-2b8ce390b9db"
              },
              "type": "OpenApiConnection",
              "inputs": {
                "host": {
                  "apiId": "/providers/Microsoft.PowerApps/apis/shared_commondataserviceforapps",
                  "connectionName": "shared_commondataserviceforapps_1",
                  "operationId": "CreateRecord"
                },
                "parameters": {
                  "entityName": "demo_sdaprocessinglogs",
                  "item/demo_name": "KL Extraction completes successfully.",
                  "item/demo_extractedvalues": "@outputs('Process_KL')?['body/responsev2/predictionOutput/text']",
                  "item/demo_extractiontype": 100000005,
                  "item/demo_SDAUpload@odata.bind": "demo_sdaextractedfieldses(@{triggerOutputs()?['body/demo_sdaextractedfieldsid']})"
                },
                "authentication": "@parameters('$authentication')"
              }
            },
            "Log_KL_Incomplete": {
              "runAfter": {
                "Process_KL": [
                  "Failed",
                  "TimedOut"
                ]
              },
              "metadata": {
                "operationMetadataId": "684b5172-08a3-4a13-a0c3-f20912eae7a1"
              },
              "type": "OpenApiConnection",
              "inputs": {
                "host": {
                  "apiId": "/providers/Microsoft.PowerApps/apis/shared_commondataserviceforapps",
                  "connectionName": "shared_commondataserviceforapps_1",
                  "operationId": "CreateRecord"
                },
                "parameters": {
                  "entityName": "demo_sdaprocessinglogs",
                  "item/demo_name": "KL Extraction encountered one or more error(s).",
                  "item/demo_extractiontype": 100000005,
                  "item/demo_SDAUpload@odata.bind": "demo_sdaextractedfieldses(@{triggerOutputs()?['body/demo_sdaextractedfieldsid']})"
                },
                "authentication": "@parameters('$authentication')"
              }
            }
          },
          "runAfter": {
            "If_Not_isTest": [
              "Succeeded"
            ]
          },
          "metadata": {
            "operationMetadataId": "4e703429-f167-4b27-bac4-a63113f8aadb"
          },
          "type": "Scope"
        },
        "Init_varKLTextArray": {
          "runAfter": {
            "Init_varTexts": [
              "Succeeded"
            ]
          },
          "metadata": {
            "operationMetadataId": "b44ea34d-4a25-45a7-9b18-d106d60ecfff"
          },
          "type": "InitializeVariable",
          "inputs": {
            "variables": [
              {
                "name": "varKLTextArray",
                "type": "array"
              }
            ]
          }
        },
        "Get_File": {
          "runAfter": {},
          "metadata": {
            "operationMetadataId": "38119410-1d77-4753-acd6-586086adae32"
          },
          "type": "OpenApiConnection",
          "inputs": {
            "host": {
              "apiId": "/providers/Microsoft.PowerApps/apis/shared_commondataserviceforapps",
              "connectionName": "shared_commondataserviceforapps_1",
              "operationId": "GetEntityFileImageFieldContent"
            },
            "parameters": {
              "entityName": "demo_sdaextractedfieldses",
              "recordId": "@triggerOutputs()?['body/demo_sdaextractedfieldsid']",
              "fileImageFieldName": "demo_upload"
            },
            "authentication": "@parameters('$authentication')"
          }
        },
        "Log_Starts": {
          "runAfter": {},
          "metadata": {
            "operationMetadataId": "a88a7c0b-3e67-4225-9683-5f2529c21780"
          },
          "type": "OpenApiConnection",
          "inputs": {
            "host": {
              "apiId": "/providers/Microsoft.PowerApps/apis/shared_commondataserviceforapps",
              "connectionName": "shared_commondataserviceforapps_1",
              "operationId": "CreateRecord"
            },
            "parameters": {
              "entityName": "demo_sdaprocessinglogs",
              "item/demo_name": "Processing starts ",
              "item/demo_extractiontype": 100000000,
              "item/demo_SDAUpload@odata.bind": "demo_sdaextractedfieldses(@{triggerOutputs()?['body/demo_sdaextractedfieldsid']})"
            },
            "authentication": "@parameters('$authentication')"
          }
        },
        "Update_OBL_Verification_Data": {
          "runAfter": {
            "Validation_Check": [
              "Succeeded"
            ]
          },
          "metadata": {
            "operationMetadataId": "82e075c3-f2b7-4f76-9905-3b9308b0dd04"
          },
          "type": "OpenApiConnection",
          "inputs": {
            "host": {
              "apiId": "/providers/Microsoft.PowerApps/apis/shared_commondataserviceforapps",
              "connectionName": "shared_commondataserviceforapps_1",
              "operationId": "UpdateRecord"
            },
            "parameters": {
              "entityName": "demo_sdaextractedfieldses",
              "recordId": "@triggerOutputs()?['body/demo_sdaextractedfieldsid']",
              "item/demo_bardnilaiprogress": "@formatNumber(json(body('Process_BARD')['responsev2']?['predictionOutput']?['text'])?['amount'], 'Rp #,###')",
              "item/demo_bardpenandatanganmitra": "@json(body('Process_BARD')['responsev2']?['predictionOutput']?['text'])?['mitra']",
              "item/demo_bardpenandatangantelkom": "@json(body('Process_BARD')['responsev2']?['predictionOutput']?['text'])?['telkom']",
              "item/demo_bardtanggal": "@json(body('Process_BARD')['responsev2']?['predictionOutput']?['text'])?['tanggal']",
              "item/demo_bautlampiran": "@if(equals(coalesce(json(body('Process_BAUT')['responsev2']?['predictionOutput']?['text'])?['diterima'],''),'DITERIMA'),1,0)",
              "item/demo_bautpenandatanganmitra": "@json(body('Process_BAUT')['responsev2']?['predictionOutput']?['text'])?['mitra']",
              "item/demo_bautpenandatangantelkom": "@json(body('Process_BAUT')['responsev2']?['predictionOutput']?['text'])?['telkom']",
              "item/demo_bauttanggal": "@json(body('Process_BAUT')['responsev2']?['predictionOutput']?['text'])?['tanggal']",
              "item/demo_bauttanggalaktif": "@if(greater(length(coalesce(json(body('Process_BAUT')['responsev2']?['predictionOutput']?['text'])?['tanggal'],'')),0),'Terlampir di Lampiran BAUT','')",
              "item/demo_nilaidppinvoiceexclppn": "@formatNumber(json(body('Process_INV')['responsev2']?['predictionOutput']?['text'])?['subtotal'],'Rp #,###')",
              "item/demo_invoicenilaikwitansidanterbilang": "@formatNumber(mul(int(json(body('Process_INV')['responsev2']?['predictionOutput']?['text'])?['subtotal']),1.11),'Rp #,###')",
              "item/demo_invoicepembayaranperiodelayanan": "@json(body('Process_INV')['responsev2']?['predictionOutput']?['text'])?['period']",
              "item/demo_kontrakjangkawaktukontrak": "@{json(body('Process_KL')['responsev2']?['predictionOutput']?['text'])?['start']} s.d. @{json(body('Process_KL')['responsev2']?['predictionOutput']?['text'])?['end']}",
              "item/demo_kontraknamabank": "@json(body('Process_KL')['responsev2']?['predictionOutput']?['text'])?['bank']",
              "item/demo_kontraknilaiterminditagihkan": "@formatNumber(json(body('Process_INV')['responsev2']?['predictionOutput']?['text'])?['subtotal'], 'Rp #,###')",
              "item/demo_kontraknorekening": "@json(body('Process_KL')['responsev2']?['predictionOutput']?['text'])?['rekening']",
              "item/demo_kontraknomorkl": "@json(body('Process_KL')['responsev2']?['predictionOutput']?['text'])?['nomor']",
              "item/demo_kontraktanggalkl": "@json(body('Process_KL')['responsev2']?['predictionOutput']?['text'])?['created']",
              "item/demo_spbnamabank": "@json(body('Process_SPB')['responsev2']?['predictionOutput']?['text'])?['bank']",
              "item/demo_spbnorekening": "@json(body('Process_SPB')['responsev2']?['predictionOutput']?['text'])?['acnumber']",
              "item/demo_spbnomorkl": "@json(body('Process_SPB')['responsev2']?['predictionOutput']?['text'])?['kontraklayanan']",
              "item/demo_verifikasinamabank": "@if(equals(outputs('Validation_Check_-_Nama_Bank')?['body/responsev2/predictionOutput/text'], 'True'), 1, 2)",
              "item/demo_verifikasinilaiterminditagihkan": "@if(equals(outputs('Validation_Check_-_Nilai_DPP')?['body/responsev2/predictionOutput/text'], 'True'), 1, 2)",
              "item/demo_verifikasinorekening": "@if(equals(outputs('Validation_Check_-_No_Rekening')?['body/responsev2/predictionOutput/text'], 'True'), 1, 2)",
              "item/demo_verifikasinomorkl": "@if(equals(outputs('Validation_Check_-_Nomor_KL')?['body/responsev2/predictionOutput/text'], 'True'), 1, 2)",
              "item/demo_verifikasiwaktukontrak": "@if(equals(outputs('Validation_Check_-_Period_Layanan')?['body/responsev2/predictionOutput/text'], 'True'), 1, 2)"
            },
            "authentication": "@parameters('$authentication')"
          }
        },
        "Log_Ends": {
          "runAfter": {
            "Update_OBL_Verification_Data": [
              "Succeeded"
            ]
          },
          "metadata": {
            "operationMetadataId": "92c8a549-04e6-4da7-90fa-59b5d92316b3"
          },
          "type": "OpenApiConnection",
          "inputs": {
            "host": {
              "apiId": "/providers/Microsoft.PowerApps/apis/shared_commondataserviceforapps",
              "connectionName": "shared_commondataserviceforapps_1",
              "operationId": "CreateRecord"
            },
            "parameters": {
              "entityName": "demo_sdaprocessinglogs",
              "item/demo_name": "Processing completes",
              "item/demo_extractiontype": 100000000,
              "item/demo_SDAUpload@odata.bind": "demo_sdaextractedfieldses(@{triggerOutputs()?['body/demo_sdaextractedfieldsid']})"
            },
            "authentication": "@parameters('$authentication')"
          }
        },
        "Validation_Check": {
          "actions": {
            "Validation_Check_-_Nomor_KL": {
              "runAfter": {},
              "metadata": {
                "operationMetadataId": "af059d90-e2f1-46f7-ba56-00650aeb1905",
                "flowSystemMetadata": {
                  "portalOperationId": "aibuilderpredict_customprompt",
                  "portalOperationGroup": "aibuilder",
                  "portalOperationApiDisplayNameOverride": "AI Builder",
                  "portalOperationIconOverride": "https://content.powerapps.com/resource/makerx/static/pauto/images/designeroperations/aiBuilderNew.51dbdb6b.png",
                  "portalOperationBrandColorOverride": "#0A76C4",
                  "portalOperationApiTierOverride": "Standard"
                }
              },
              "type": "OpenApiConnection",
              "inputs": {
                "host": {
                  "apiId": "/providers/Microsoft.PowerApps/apis/shared_commondataserviceforapps",
                  "connectionName": "shared_commondataserviceforapps",
                  "operationId": "aibuilderpredict_customprompt"
                },
                "parameters": {
                  "recordId": "38de831e-4b36-4740-8153-567d7b36662e",
                  "item/requestv2/Input_202": "@json(body('Process_SPB')['responsev2']?['predictionOutput']?['text'])?['kontraklayanan']",
                  "item/requestv2/Input_201": "@json(body('Process_KL')['responsev2']?['predictionOutput']?['text'])?['nomor']"
                },
                "authentication": "@parameters('$authentication')"
              }
            },
            "Validation_Check_-_Nama_Bank": {
              "runAfter": {
                "Validation_Check_-_Nomor_KL": [
                  "Succeeded"
                ]
              },
              "metadata": {
                "operationMetadataId": "4b558af8-52e6-4898-bdb6-003f5379795b",
                "flowSystemMetadata": {
                  "portalOperationId": "aibuilderpredict_customprompt",
                  "portalOperationGroup": "aibuilder",
                  "portalOperationApiDisplayNameOverride": "AI Builder",
                  "portalOperationIconOverride": "https://content.powerapps.com/resource/makerx/static/pauto/images/designeroperations/aiBuilderNew.51dbdb6b.png",
                  "portalOperationBrandColorOverride": "#0A76C4",
                  "portalOperationApiTierOverride": "Standard"
                }
              },
              "type": "OpenApiConnection",
              "inputs": {
                "host": {
                  "apiId": "/providers/Microsoft.PowerApps/apis/shared_commondataserviceforapps",
                  "connectionName": "shared_commondataserviceforapps",
                  "operationId": "aibuilderpredict_customprompt"
                },
                "parameters": {
                  "recordId": "38de831e-4b36-4740-8153-567d7b36662e",
                  "item/requestv2/Input_202": "@json(body('Process_SPB')['responsev2']?['predictionOutput']?['text'])?['bank']",
                  "item/requestv2/Input_201": "@json(body('Process_KL')['responsev2']?['predictionOutput']?['text'])?['bank']"
                },
                "authentication": "@parameters('$authentication')"
              }
            },
            "Validation_Check_-_No_Rekening": {
              "runAfter": {
                "Validation_Check_-_Nama_Bank": [
                  "Succeeded"
                ]
              },
              "metadata": {
                "operationMetadataId": "836aef0a-645d-4746-bbbf-3677657b44b4",
                "flowSystemMetadata": {
                  "portalOperationId": "aibuilderpredict_customprompt",
                  "portalOperationGroup": "aibuilder",
                  "portalOperationApiDisplayNameOverride": "AI Builder",
                  "portalOperationIconOverride": "https://content.powerapps.com/resource/makerx/static/pauto/images/designeroperations/aiBuilderNew.51dbdb6b.png",
                  "portalOperationBrandColorOverride": "#0A76C4",
                  "portalOperationApiTierOverride": "Standard"
                }
              },
              "type": "OpenApiConnection",
              "inputs": {
                "host": {
                  "apiId": "/providers/Microsoft.PowerApps/apis/shared_commondataserviceforapps",
                  "connectionName": "shared_commondataserviceforapps",
                  "operationId": "aibuilderpredict_customprompt"
                },
                "parameters": {
                  "recordId": "38de831e-4b36-4740-8153-567d7b36662e",
                  "item/requestv2/Input_202": "@json(body('Process_KL')['responsev2']?['predictionOutput']?['text'])?['rekening']",
                  "item/requestv2/Input_201": "@json(body('Process_SPB')['responsev2']?['predictionOutput']?['text'])?['acnumber']"
                },
                "authentication": "@parameters('$authentication')"
              }
            },
            "Validation_Check_-_Nilai_DPP": {
              "runAfter": {
                "Validation_Check_-_No_Rekening": [
                  "Succeeded"
                ]
              },
              "metadata": {
                "operationMetadataId": "aa496da4-2997-46e7-81e8-b677ada8e7eb",
                "flowSystemMetadata": {
                  "portalOperationId": "aibuilderpredict_customprompt",
                  "portalOperationGroup": "aibuilder",
                  "portalOperationApiDisplayNameOverride": "AI Builder",
                  "portalOperationIconOverride": "https://content.powerapps.com/resource/makerx/static/pauto/images/designeroperations/aiBuilderNew.51dbdb6b.png",
                  "portalOperationBrandColorOverride": "#0A76C4",
                  "portalOperationApiTierOverride": "Standard"
                }
              },
              "type": "OpenApiConnection",
              "inputs": {
                "host": {
                  "apiId": "/providers/Microsoft.PowerApps/apis/shared_commondataserviceforapps",
                  "connectionName": "shared_commondataserviceforapps",
                  "operationId": "aibuilderpredict_customprompt"
                },
                "parameters": {
                  "recordId": "38de831e-4b36-4740-8153-567d7b36662e",
                  "item/requestv2/Input_202": "@formatNumber(json(body('Process_INV')['responsev2']?['predictionOutput']?['text'])?['subtotal'],'Rp #,###')",
                  "item/requestv2/Input_201": "@formatNumber(json(body('Process_INV')['responsev2']?['predictionOutput']?['text'])?['subtotal'], 'Rp #,###')"
                },
                "authentication": "@parameters('$authentication')"
              }
            },
            "Validation_Check_-_Period_Layanan": {
              "runAfter": {
                "Validation_Check_-_Nilai_DPP": [
                  "Succeeded"
                ]
              },
              "metadata": {
                "operationMetadataId": "06eb6aef-0057-4dec-8584-0a0304684bd9",
                "flowSystemMetadata": {
                  "portalOperationId": "aibuilderpredict_customprompt",
                  "portalOperationGroup": "aibuilder",
                  "portalOperationApiDisplayNameOverride": "AI Builder",
                  "portalOperationIconOverride": "https://content.powerapps.com/resource/makerx/static/pauto/images/designeroperations/aiBuilderNew.51dbdb6b.png",
                  "portalOperationBrandColorOverride": "#0A76C4",
                  "portalOperationApiTierOverride": "Standard"
                }
              },
              "type": "OpenApiConnection",
              "inputs": {
                "host": {
                  "apiId": "/providers/Microsoft.PowerApps/apis/shared_commondataserviceforapps",
                  "connectionName": "shared_commondataserviceforapps",
                  "operationId": "aibuilderpredict_customprompt"
                },
                "parameters": {
                  "recordId": "38de831e-4b36-4740-8153-567d7b36662e",
                  "item/requestv2/Input_202": "@json(body('Process_INV')['responsev2']?['predictionOutput']?['text'])?['period']",
                  "item/requestv2/Input_201": "@{json(body('Process_KL')['responsev2']?['predictionOutput']?['text'])?['start']} s.d. @{json(body('Process_KL')['responsev2']?['predictionOutput']?['text'])?['end']}"
                },
                "authentication": "@parameters('$authentication')"
              }
            },
            "Log_Validation_Completes": {
              "runAfter": {
                "Validation_Check_-_Period_Layanan": [
                  "Succeeded"
                ]
              },
              "metadata": {
                "operationMetadataId": "035a6e98-8cf0-4140-b446-dc9b73121d30"
              },
              "type": "OpenApiConnection",
              "inputs": {
                "host": {
                  "apiId": "/providers/Microsoft.PowerApps/apis/shared_commondataserviceforapps",
                  "connectionName": "shared_commondataserviceforapps_1",
                  "operationId": "CreateRecord"
                },
                "parameters": {
                  "entityName": "demo_sdaprocessinglogs",
                  "item/demo_name": "Validation checks complete successfully.",
                  "item/demo_extractiontype": 100000000,
                  "item/demo_SDAUpload@odata.bind": "demo_sdaextractedfieldses(@{triggerOutputs()?['body/demo_sdaextractedfieldsid']})"
                },
                "authentication": "@parameters('$authentication')"
              }
            }
          },
          "runAfter": {
            "Extract_BARD": [
              "Succeeded"
            ],
            "Extract_BAUT": [
              "Succeeded"
            ],
            "Extract_Invoice": [
              "Succeeded"
            ],
            "Extract_KL": [
              "Succeeded"
            ],
            "Extract_SPB": [
              "Succeeded"
            ],
            "Log_Starts": [
              "Succeeded"
            ]
          },
          "metadata": {
            "operationMetadataId": "4ad23ddb-d692-4797-87fb-18fc54b08462"
          },
          "type": "Scope"
        }
      }
    },
    "templateName": null
  },
  "schemaVersion": "1.0.0.0"
}