{
  "properties": {
    "connectionReferences": {
      "shared_commondataserviceforapps_1": {
        "runtimeSource": "embedded",
        "connection": {
          "connectionReferenceLogicalName": "new_sharedcommondataserviceforapps_655af"
        },
        "api": {
          "name": "shared_commondataserviceforapps"
        }
      },
      "shared_commondataserviceforapps": {
        "runtimeSource": "embedded",
        "connection": {
          "connectionReferenceLogicalName": "new_sharedcommondataserviceforapps_a24dd"
        },
        "api": {
          "name": "shared_commondataserviceforapps"
        }
      }
    },
    "definition": {
      "$schema": "https://schema.management.azure.com/providers/Microsoft.Logic/schemas/2016-06-01/workflowdefinition.json#",
      "contentVersion": "1.0.0.0",
      "parameters": {
        "$connections": {
          "defaultValue": {},
          "type": "Object"
        },
        "$authentication": {
          "defaultValue": {},
          "type": "SecureObject"
        }
      },
      "triggers": {
        "When_File_Upload_is_Added": {
          "metadata": {
            "operationMetadataId": "ec377daf-ec18-4a29-aefc-69cac3fa06ef"
          },
          "type": "OpenApiConnectionWebhook",
          "inputs": {
            "host": {
              "connectionName": "shared_commondataserviceforapps_1",
              "operationId": "SubscribeWebhookTrigger",
              "apiId": "/providers/Microsoft.PowerApps/apis/shared_commondataserviceforapps"
            },
            "parameters": {
              "subscriptionRequest/message": 3,
              "subscriptionRequest/entityname": "crb52_tsccverifikasiibl",
              "subscriptionRequest/scope": 4,
              "subscriptionRequest/filteringattributes": "crb52_dokpkskhs"
            },
            "authentication": "@parameters('$authentication')"
          }
        }
      },
      "actions": {
        "Get_Dokumen_Delivery": {
          "actions": {
            "Get_BAST": {
              "runAfter": {},
              "metadata": {
                "operationMetadataId": "38119410-1d77-4753-acd6-586086adae32"
              },
              "type": "OpenApiConnection",
              "inputs": {
                "host": {
                  "connectionName": "shared_commondataserviceforapps_1",
                  "operationId": "GetEntityFileImageFieldContent",
                  "apiId": "/providers/Microsoft.PowerApps/apis/shared_commondataserviceforapps"
                },
                "parameters": {
                  "entityName": "crb52_tsccverifikasiibls",
                  "recordId": "@triggerOutputs()?['body/crb52_tsccverifikasiiblid']",
                  "fileImageFieldName": "crb52_dokbast"
                },
                "authentication": "@parameters('$authentication')"
              }
            },
            "Get_BAUT": {
              "runAfter": {
                "Get_BAST": [
                  "Succeeded"
                ]
              },
              "metadata": {
                "operationMetadataId": "38119410-1d77-4753-acd6-586086adae32"
              },
              "type": "OpenApiConnection",
              "inputs": {
                "host": {
                  "connectionName": "shared_commondataserviceforapps_1",
                  "operationId": "GetEntityFileImageFieldContent",
                  "apiId": "/providers/Microsoft.PowerApps/apis/shared_commondataserviceforapps"
                },
                "parameters": {
                  "entityName": "crb52_tsccverifikasiibls",
                  "recordId": "@triggerOutputs()?['body/crb52_tsccverifikasiiblid']",
                  "fileImageFieldName": "crb52_dokbaut"
                },
                "authentication": "@parameters('$authentication')"
              }
            },
            "Get_BA_Rekonsilasi": {
              "runAfter": {
                "Get_BAUT": [
                  "Succeeded"
                ]
              },
              "metadata": {
                "operationMetadataId": "38119410-1d77-4753-acd6-586086adae32"
              },
              "type": "OpenApiConnection",
              "inputs": {
                "host": {
                  "connectionName": "shared_commondataserviceforapps_1",
                  "operationId": "GetEntityFileImageFieldContent",
                  "apiId": "/providers/Microsoft.PowerApps/apis/shared_commondataserviceforapps"
                },
                "parameters": {
                  "entityName": "crb52_tsccverifikasiibls",
                  "recordId": "@triggerOutputs()?['body/crb52_tsccverifikasiiblid']",
                  "fileImageFieldName": "crb52_dokbarekonsilasi"
                },
                "authentication": "@parameters('$authentication')"
              }
            }
          },
          "runAfter": {},
          "metadata": {
            "operationMetadataId": "0333c584-acca-4321-bca6-f09ae11273ef"
          },
          "type": "Scope"
        },
        "Get_Dokumen_Kontrak": {
          "actions": {
            "Get_PKSKHS": {
              "runAfter": {},
              "metadata": {
                "operationMetadataId": "38119410-1d77-4753-acd6-586086adae32"
              },
              "type": "OpenApiConnection",
              "inputs": {
                "host": {
                  "connectionName": "shared_commondataserviceforapps_1",
                  "operationId": "GetEntityFileImageFieldContent",
                  "apiId": "/providers/Microsoft.PowerApps/apis/shared_commondataserviceforapps"
                },
                "parameters": {
                  "entityName": "crb52_tsccverifikasiibls",
                  "recordId": "@triggerOutputs()?['body/crb52_tsccverifikasiiblid']",
                  "fileImageFieldName": "crb52_dokpkskhs"
                },
                "authentication": "@parameters('$authentication')"
              }
            }
          },
          "runAfter": {},
          "metadata": {
            "operationMetadataId": "2c50288c-1143-4cbf-b7a2-78994f8b41d1"
          },
          "type": "Scope"
        },
        "Get_Dokumen_Payment": {
          "actions": {
            "Get_FAKTUR": {
              "runAfter": {},
              "metadata": {
                "operationMetadataId": "38119410-1d77-4753-acd6-586086adae32"
              },
              "type": "OpenApiConnection",
              "inputs": {
                "host": {
                  "connectionName": "shared_commondataserviceforapps_1",
                  "operationId": "GetEntityFileImageFieldContent",
                  "apiId": "/providers/Microsoft.PowerApps/apis/shared_commondataserviceforapps"
                },
                "parameters": {
                  "entityName": "crb52_tsccverifikasiibls",
                  "recordId": "@triggerOutputs()?['body/crb52_tsccverifikasiiblid']",
                  "fileImageFieldName": "crb52_dokfaktur"
                },
                "authentication": "@parameters('$authentication')"
              }
            },
            "Get_INV": {
              "runAfter": {
                "Get_FAKTUR": [
                  "Succeeded"
                ]
              },
              "metadata": {
                "operationMetadataId": "38119410-1d77-4753-acd6-586086adae32"
              },
              "type": "OpenApiConnection",
              "inputs": {
                "host": {
                  "connectionName": "shared_commondataserviceforapps_1",
                  "operationId": "GetEntityFileImageFieldContent",
                  "apiId": "/providers/Microsoft.PowerApps/apis/shared_commondataserviceforapps"
                },
                "parameters": {
                  "entityName": "crb52_tsccverifikasiibls",
                  "recordId": "@triggerOutputs()?['body/crb52_tsccverifikasiiblid']",
                  "fileImageFieldName": "crb52_dokinv"
                },
                "authentication": "@parameters('$authentication')"
              }
            }
          },
          "runAfter": {},
          "metadata": {
            "operationMetadataId": "ee199718-03b9-4afa-a56d-0627febdfc60"
          },
          "type": "Scope"
        },
        "Init_varTextFAKTUR": {
          "runAfter": {
            "Get_Dokumen_Delivery": [
              "Succeeded"
            ],
            "Get_Dokumen_Kontrak": [
              "Succeeded"
            ],
            "Get_Dokumen_Payment": [
              "Succeeded"
            ]
          },
          "metadata": {
            "operationMetadataId": "2e85d3d4-0bd1-4456-9194-ef1f2306fe74"
          },
          "type": "InitializeVariable",
          "inputs": {
            "variables": [
              {
                "name": "varTextFAKTUR",
                "type": "object"
              }
            ]
          }
        },
        "Extract_FAKTUR": {
          "actions": {
            "Recognize_text_in_FAKTUR": {
              "runAfter": {},
              "metadata": {
                "operationMetadataId": "b2221201-c09e-42ab-b724-cbc8cb0eb38b",
                "flowSystemMetadata": {
                  "portalOperationId": "aibuilderpredict_textrecognition",
                  "portalOperationGroup": "aibuilder",
                  "portalOperationApiDisplayNameOverride": "AI Builder",
                  "portalOperationIconOverride": "https://content.powerapps.com/resource/makerx/static/pauto/images/designeroperations/aiBuilderNew.51dbdb6b.png",
                  "portalOperationBrandColorOverride": "#0A76C4",
                  "portalOperationApiTierOverride": "Standard"
                }
              },
              "type": "OpenApiConnection",
              "inputs": {
                "host": {
                  "connectionName": "shared_commondataserviceforapps_1",
                  "operationId": "aibuilderpredict_textrecognition",
                  "apiId": "/providers/Microsoft.PowerApps/apis/shared_commondataserviceforapps"
                },
                "parameters": {
                  "item/requestv2/base64Encoded": "@body('Get_FAKTUR')"
                },
                "authentication": "@parameters('$authentication')"
              }
            },
            "Set_varTextFAKTUR": {
              "runAfter": {
                "Recognize_text_in_FAKTUR": [
                  "Succeeded"
                ]
              },
              "metadata": {
                "operationMetadataId": "8a56f864-ecff-464e-b1a6-7fbe8d44aac4"
              },
              "type": "SetVariable",
              "inputs": {
                "name": "varTextFAKTUR",
                "value": "@body('Recognize_text_in_FAKTUR')"
              }
            },
            "FAKTUR_lines": {
              "runAfter": {
                "Set_varTextFAKTUR": [
                  "Succeeded"
                ]
              },
              "metadata": {
                "operationMetadataId": "2b04fa86-bb33-419e-b9b7-f17ded50b48b"
              },
              "type": "Select",
              "inputs": {
                "from": "@variables('varTextFAKTUR')['responsev2/predictionOutput/results'][0]['lines']",
                "select": {
                  "text": "@item()['text']"
                }
              }
            },
            "Process_FAKTUR": {
              "runAfter": {
                "FAKTUR_lines": [
                  "Succeeded"
                ]
              },
              "metadata": {
                "operationMetadataId": "9daad51a-612b-458c-a5b6-d08eaaeca65d",
                "flowSystemMetadata": {
                  "portalOperationId": "aibuilderpredict_customprompt",
                  "portalOperationGroup": "aibuilder",
                  "portalOperationApiDisplayNameOverride": "AI Builder",
                  "portalOperationIconOverride": "https://content.powerapps.com/resource/makerx/static/pauto/images/designeroperations/aiBuilderNew.51dbdb6b.png",
                  "portalOperationBrandColorOverride": "#0A76C4",
                  "portalOperationApiTierOverride": "Standard"
                }
              },
              "type": "OpenApiConnection",
              "inputs": {
                "host": {
                  "connectionName": "shared_commondataserviceforapps_1",
                  "operationId": "aibuilderpredict_customprompt",
                  "apiId": "/providers/Microsoft.PowerApps/apis/shared_commondataserviceforapps"
                },
                "parameters": {
                  "recordId": "fb9b452f-2b3b-42a1-b61b-c2d0e603a035",
                  "item/requestv2/JSON": "@body('FAKTUR_lines')"
                },
                "authentication": "@parameters('$authentication')"
              }
            }
          },
          "runAfter": {
            "Init_varTextBA": [
              "Succeeded"
            ]
          },
          "metadata": {
            "operationMetadataId": "25e81cac-f639-4361-bb3e-571e1fc61cd5"
          },
          "type": "Scope"
        },
        "Init_varTextINV": {
          "runAfter": {
            "Init_varTextFAKTUR": [
              "Succeeded"
            ]
          },
          "metadata": {
            "operationMetadataId": "2e85d3d4-0bd1-4456-9194-ef1f2306fe74"
          },
          "type": "InitializeVariable",
          "inputs": {
            "variables": [
              {
                "name": "varTextINV",
                "type": "object"
              }
            ]
          }
        },
        "Init_varTextPKSKHS": {
          "runAfter": {
            "Init_varTextINV": [
              "Succeeded"
            ]
          },
          "metadata": {
            "operationMetadataId": "2e85d3d4-0bd1-4456-9194-ef1f2306fe74"
          },
          "type": "InitializeVariable",
          "inputs": {
            "variables": [
              {
                "name": "varTextPKSKHS",
                "type": "object"
              }
            ]
          }
        },
        "Init_varTextBAUT": {
          "runAfter": {
            "Init_varTextPKSKHS": [
              "Succeeded"
            ]
          },
          "metadata": {
            "operationMetadataId": "2e85d3d4-0bd1-4456-9194-ef1f2306fe74"
          },
          "type": "InitializeVariable",
          "inputs": {
            "variables": [
              {
                "name": "varTextBAUT",
                "type": "object"
              }
            ]
          }
        },
        "Init_varTextBAST": {
          "runAfter": {
            "Init_varTextBAUT": [
              "Succeeded"
            ]
          },
          "metadata": {
            "operationMetadataId": "2e85d3d4-0bd1-4456-9194-ef1f2306fe74"
          },
          "type": "InitializeVariable",
          "inputs": {
            "variables": [
              {
                "name": "varTextBAST",
                "type": "object"
              }
            ]
          }
        },
        "Init_varTextBA": {
          "runAfter": {
            "Init_varTextBAST": [
              "Succeeded"
            ]
          },
          "metadata": {
            "operationMetadataId": "2e85d3d4-0bd1-4456-9194-ef1f2306fe74"
          },
          "type": "InitializeVariable",
          "inputs": {
            "variables": [
              {
                "name": "varTextBA",
                "type": "object"
              }
            ]
          }
        },
        "Extract_INV": {
          "actions": {
            "Recognize_text_in_INV": {
              "runAfter": {},
              "metadata": {
                "operationMetadataId": "b2221201-c09e-42ab-b724-cbc8cb0eb38b",
                "flowSystemMetadata": {
                  "portalOperationId": "aibuilderpredict_textrecognition",
                  "portalOperationGroup": "aibuilder",
                  "portalOperationApiDisplayNameOverride": "AI Builder",
                  "portalOperationIconOverride": "https://content.powerapps.com/resource/makerx/static/pauto/images/designeroperations/aiBuilderNew.51dbdb6b.png",
                  "portalOperationBrandColorOverride": "#0A76C4",
                  "portalOperationApiTierOverride": "Standard"
                }
              },
              "type": "OpenApiConnection",
              "inputs": {
                "host": {
                  "connectionName": "shared_commondataserviceforapps_1",
                  "operationId": "aibuilderpredict_textrecognition",
                  "apiId": "/providers/Microsoft.PowerApps/apis/shared_commondataserviceforapps"
                },
                "parameters": {
                  "item/requestv2/base64Encoded": "@body('Get_INV')"
                },
                "authentication": "@parameters('$authentication')"
              }
            },
            "Set_varTextINV": {
              "runAfter": {
                "Recognize_text_in_INV": [
                  "Succeeded"
                ]
              },
              "metadata": {
                "operationMetadataId": "8a56f864-ecff-464e-b1a6-7fbe8d44aac4"
              },
              "type": "SetVariable",
              "inputs": {
                "name": "varTextINV",
                "value": "@body('Recognize_text_in_INV')"
              }
            },
            "INV_lines": {
              "runAfter": {
                "Set_varTextINV": [
                  "Succeeded"
                ]
              },
              "metadata": {
                "operationMetadataId": "2b04fa86-bb33-419e-b9b7-f17ded50b48b"
              },
              "type": "Select",
              "inputs": {
                "from": "@variables('varTextINV')['responsev2/predictionOutput/results'][0]['lines']",
                "select": {
                  "text": "@item()['text']"
                }
              }
            },
            "Process_INV": {
              "runAfter": {
                "INV_lines": [
                  "Succeeded"
                ]
              },
              "metadata": {
                "operationMetadataId": "9daad51a-612b-458c-a5b6-d08eaaeca65d",
                "flowSystemMetadata": {
                  "portalOperationId": "aibuilderpredict_customprompt",
                  "portalOperationGroup": "aibuilder",
                  "portalOperationApiDisplayNameOverride": "AI Builder",
                  "portalOperationIconOverride": "https://content.powerapps.com/resource/makerx/static/pauto/images/designeroperations/aiBuilderNew.51dbdb6b.png",
                  "portalOperationBrandColorOverride": "#0A76C4",
                  "portalOperationApiTierOverride": "Standard"
                }
              },
              "type": "OpenApiConnection",
              "inputs": {
                "host": {
                  "connectionName": "shared_commondataserviceforapps_1",
                  "operationId": "aibuilderpredict_customprompt",
                  "apiId": "/providers/Microsoft.PowerApps/apis/shared_commondataserviceforapps"
                },
                "parameters": {
                  "recordId": "346a03a9-a6f1-4cd3-88a9-433702e36de9",
                  "item/requestv2/JSON": "@body('INV_lines')"
                },
                "authentication": "@parameters('$authentication')"
              }
            }
          },
          "runAfter": {
            "Init_varTextBA": [
              "Succeeded"
            ]
          },
          "metadata": {
            "operationMetadataId": "25e81cac-f639-4361-bb3e-571e1fc61cd5"
          },
          "type": "Scope"
        },
        "Extract_BAUT": {
          "actions": {
            "Recognize_text_in_BAUT": {
              "runAfter": {},
              "metadata": {
                "operationMetadataId": "b2221201-c09e-42ab-b724-cbc8cb0eb38b",
                "flowSystemMetadata": {
                  "portalOperationId": "aibuilderpredict_textrecognition",
                  "portalOperationGroup": "aibuilder",
                  "portalOperationApiDisplayNameOverride": "AI Builder",
                  "portalOperationIconOverride": "https://content.powerapps.com/resource/makerx/static/pauto/images/designeroperations/aiBuilderNew.51dbdb6b.png",
                  "portalOperationBrandColorOverride": "#0A76C4",
                  "portalOperationApiTierOverride": "Standard"
                }
              },
              "type": "OpenApiConnection",
              "inputs": {
                "host": {
                  "connectionName": "shared_commondataserviceforapps_1",
                  "operationId": "aibuilderpredict_textrecognition",
                  "apiId": "/providers/Microsoft.PowerApps/apis/shared_commondataserviceforapps"
                },
                "parameters": {
                  "item/requestv2/base64Encoded": "@body('Get_BAUT')"
                },
                "authentication": "@parameters('$authentication')"
              }
            },
            "Set_varTextBAUT": {
              "runAfter": {
                "Recognize_text_in_BAUT": [
                  "Succeeded"
                ]
              },
              "metadata": {
                "operationMetadataId": "8a56f864-ecff-464e-b1a6-7fbe8d44aac4"
              },
              "type": "SetVariable",
              "inputs": {
                "name": "varTextBAUT",
                "value": "@body('Recognize_text_in_BAUT')"
              }
            },
            "BAUT_lines": {
              "runAfter": {
                "Set_varTextBAUT": [
                  "Succeeded"
                ]
              },
              "metadata": {
                "operationMetadataId": "2b04fa86-bb33-419e-b9b7-f17ded50b48b"
              },
              "type": "Select",
              "inputs": {
                "from": "@variables('varTextBAUT')['responsev2/predictionOutput/results'][0]['lines']",
                "select": {
                  "text": "@item()['text']"
                }
              }
            },
            "Process_BAUT": {
              "runAfter": {
                "BAUT_lines": [
                  "Succeeded"
                ]
              },
              "metadata": {
                "operationMetadataId": "9daad51a-612b-458c-a5b6-d08eaaeca65d",
                "flowSystemMetadata": {
                  "portalOperationId": "aibuilderpredict_customprompt",
                  "portalOperationGroup": "aibuilder",
                  "portalOperationApiDisplayNameOverride": "AI Builder",
                  "portalOperationIconOverride": "https://content.powerapps.com/resource/makerx/static/pauto/images/designeroperations/aiBuilderNew.51dbdb6b.png",
                  "portalOperationBrandColorOverride": "#0A76C4",
                  "portalOperationApiTierOverride": "Standard"
                }
              },
              "type": "OpenApiConnection",
              "inputs": {
                "host": {
                  "connectionName": "shared_commondataserviceforapps_1",
                  "operationId": "aibuilderpredict_customprompt",
                  "apiId": "/providers/Microsoft.PowerApps/apis/shared_commondataserviceforapps"
                },
                "parameters": {
                  "recordId": "8199b878-f50c-4639-972b-11d81aef3427",
                  "item/requestv2/JSON": "@body('BAUT_lines')"
                },
                "authentication": "@parameters('$authentication')"
              }
            }
          },
          "runAfter": {
            "Init_varTextBA": [
              "Succeeded"
            ]
          },
          "metadata": {
            "operationMetadataId": "25e81cac-f639-4361-bb3e-571e1fc61cd5"
          },
          "type": "Scope"
        },
        "Extract_BAST": {
          "actions": {
            "Recognize_text_in_BAST": {
              "runAfter": {},
              "metadata": {
                "operationMetadataId": "b2221201-c09e-42ab-b724-cbc8cb0eb38b",
                "flowSystemMetadata": {
                  "portalOperationId": "aibuilderpredict_textrecognition",
                  "portalOperationGroup": "aibuilder",
                  "portalOperationApiDisplayNameOverride": "AI Builder",
                  "portalOperationIconOverride": "https://content.powerapps.com/resource/makerx/static/pauto/images/designeroperations/aiBuilderNew.51dbdb6b.png",
                  "portalOperationBrandColorOverride": "#0A76C4",
                  "portalOperationApiTierOverride": "Standard"
                }
              },
              "type": "OpenApiConnection",
              "inputs": {
                "host": {
                  "connectionName": "shared_commondataserviceforapps_1",
                  "operationId": "aibuilderpredict_textrecognition",
                  "apiId": "/providers/Microsoft.PowerApps/apis/shared_commondataserviceforapps"
                },
                "parameters": {
                  "item/requestv2/base64Encoded": "@body('Get_BAST')"
                },
                "authentication": "@parameters('$authentication')"
              }
            },
            "Set_varTextBAST": {
              "runAfter": {
                "Recognize_text_in_BAST": [
                  "Succeeded"
                ]
              },
              "metadata": {
                "operationMetadataId": "8a56f864-ecff-464e-b1a6-7fbe8d44aac4"
              },
              "type": "SetVariable",
              "inputs": {
                "name": "varTextBAST",
                "value": "@body('Recognize_text_in_BAST')"
              }
            },
            "BAST_lines": {
              "runAfter": {
                "Set_varTextBAST": [
                  "Succeeded"
                ]
              },
              "metadata": {
                "operationMetadataId": "2b04fa86-bb33-419e-b9b7-f17ded50b48b"
              },
              "type": "Select",
              "inputs": {
                "from": "@variables('varTextBAST')['responsev2/predictionOutput/results'][0]['lines']",
                "select": {
                  "text": "@item()['text']"
                }
              }
            },
            "Process_BAST": {
              "runAfter": {
                "BAST_lines": [
                  "Succeeded"
                ]
              },
              "metadata": {
                "operationMetadataId": "9daad51a-612b-458c-a5b6-d08eaaeca65d",
                "flowSystemMetadata": {
                  "portalOperationId": "aibuilderpredict_customprompt",
                  "portalOperationGroup": "aibuilder",
                  "portalOperationApiDisplayNameOverride": "AI Builder",
                  "portalOperationIconOverride": "https://content.powerapps.com/resource/makerx/static/pauto/images/designeroperations/aiBuilderNew.51dbdb6b.png",
                  "portalOperationBrandColorOverride": "#0A76C4",
                  "portalOperationApiTierOverride": "Standard"
                }
              },
              "type": "OpenApiConnection",
              "inputs": {
                "host": {
                  "connectionName": "shared_commondataserviceforapps_1",
                  "operationId": "aibuilderpredict_customprompt",
                  "apiId": "/providers/Microsoft.PowerApps/apis/shared_commondataserviceforapps"
                },
                "parameters": {
                  "recordId": "d43cc316-ee63-4bce-8ff4-25079eecd3bd",
                  "item/requestv2/JSON": "@body('BAST_lines')"
                },
                "authentication": "@parameters('$authentication')"
              }
            }
          },
          "runAfter": {
            "Init_varTextBA": [
              "Succeeded"
            ]
          },
          "metadata": {
            "operationMetadataId": "25e81cac-f639-4361-bb3e-571e1fc61cd5"
          },
          "type": "Scope"
        },
        "Extract_BARekonsilasi": {
          "actions": {
            "Recognize_text_in_BA": {
              "runAfter": {},
              "metadata": {
                "operationMetadataId": "b2221201-c09e-42ab-b724-cbc8cb0eb38b",
                "flowSystemMetadata": {
                  "portalOperationId": "aibuilderpredict_textrecognition",
                  "portalOperationGroup": "aibuilder",
                  "portalOperationApiDisplayNameOverride": "AI Builder",
                  "portalOperationIconOverride": "https://content.powerapps.com/resource/makerx/static/pauto/images/designeroperations/aiBuilderNew.51dbdb6b.png",
                  "portalOperationBrandColorOverride": "#0A76C4",
                  "portalOperationApiTierOverride": "Standard"
                }
              },
              "type": "OpenApiConnection",
              "inputs": {
                "host": {
                  "connectionName": "shared_commondataserviceforapps_1",
                  "operationId": "aibuilderpredict_textrecognition",
                  "apiId": "/providers/Microsoft.PowerApps/apis/shared_commondataserviceforapps"
                },
                "parameters": {
                  "item/requestv2/base64Encoded": "@body('Get_BA_Rekonsilasi')"
                },
                "authentication": "@parameters('$authentication')"
              }
            },
            "Set_varTextBA": {
              "runAfter": {
                "Recognize_text_in_BA": [
                  "Succeeded"
                ]
              },
              "metadata": {
                "operationMetadataId": "8a56f864-ecff-464e-b1a6-7fbe8d44aac4"
              },
              "type": "SetVariable",
              "inputs": {
                "name": "varTextBA",
                "value": "@body('Recognize_text_in_BA')"
              }
            },
            "BA_lines": {
              "runAfter": {
                "Set_varTextBA": [
                  "Succeeded"
                ]
              },
              "metadata": {
                "operationMetadataId": "2b04fa86-bb33-419e-b9b7-f17ded50b48b"
              },
              "type": "Select",
              "inputs": {
                "from": "@variables('varTextBA')['responsev2/predictionOutput/results'][0]['lines']",
                "select": {
                  "text": "@item()['text']"
                }
              }
            },
            "Process_BA": {
              "runAfter": {
                "BA_lines": [
                  "Succeeded"
                ]
              },
              "metadata": {
                "operationMetadataId": "9daad51a-612b-458c-a5b6-d08eaaeca65d",
                "flowSystemMetadata": {
                  "portalOperationId": "aibuilderpredict_customprompt",
                  "portalOperationGroup": "aibuilder",
                  "portalOperationApiDisplayNameOverride": "AI Builder",
                  "portalOperationIconOverride": "https://content.powerapps.com/resource/makerx/static/pauto/images/designeroperations/aiBuilderNew.51dbdb6b.png",
                  "portalOperationBrandColorOverride": "#0A76C4",
                  "portalOperationApiTierOverride": "Standard"
                }
              },
              "type": "OpenApiConnection",
              "inputs": {
                "host": {
                  "connectionName": "shared_commondataserviceforapps_1",
                  "operationId": "aibuilderpredict_customprompt",
                  "apiId": "/providers/Microsoft.PowerApps/apis/shared_commondataserviceforapps"
                },
                "parameters": {
                  "recordId": "f8e55831-4332-4c45-986e-e380d7ec04ef",
                  "item/requestv2/JSON": "@body('BA_lines')"
                },
                "authentication": "@parameters('$authentication')"
              }
            }
          },
          "runAfter": {
            "Init_varTextBA": [
              "Succeeded"
            ]
          },
          "metadata": {
            "operationMetadataId": "25e81cac-f639-4361-bb3e-571e1fc61cd5"
          },
          "type": "Scope"
        },
        "Extract_PKSKHS": {
          "actions": {
            "Recognize_text_in_PKSKHS": {
              "runAfter": {},
              "metadata": {
                "operationMetadataId": "b2221201-c09e-42ab-b724-cbc8cb0eb38b",
                "flowSystemMetadata": {
                  "portalOperationId": "aibuilderpredict_textrecognition",
                  "portalOperationGroup": "aibuilder",
                  "portalOperationApiDisplayNameOverride": "AI Builder",
                  "portalOperationIconOverride": "https://content.powerapps.com/resource/makerx/static/pauto/images/designeroperations/aiBuilderNew.51dbdb6b.png",
                  "portalOperationBrandColorOverride": "#0A76C4",
                  "portalOperationApiTierOverride": "Standard"
                }
              },
              "type": "OpenApiConnection",
              "inputs": {
                "host": {
                  "connectionName": "shared_commondataserviceforapps_1",
                  "operationId": "aibuilderpredict_textrecognition",
                  "apiId": "/providers/Microsoft.PowerApps/apis/shared_commondataserviceforapps"
                },
                "parameters": {
                  "item/requestv2/base64Encoded": "@body('Get_PKSKHS')"
                },
                "authentication": "@parameters('$authentication')"
              }
            },
            "Set_varTextPKSKHS": {
              "runAfter": {
                "Recognize_text_in_PKSKHS": [
                  "Succeeded"
                ]
              },
              "metadata": {
                "operationMetadataId": "8a56f864-ecff-464e-b1a6-7fbe8d44aac4"
              },
              "type": "SetVariable",
              "inputs": {
                "name": "varTextPKSKHS",
                "value": "@body('Recognize_text_in_PKSKHS')"
              }
            },
            "PKSKHS_lines": {
              "runAfter": {
                "Set_varTextPKSKHS": [
                  "Succeeded"
                ]
              },
              "metadata": {
                "operationMetadataId": "2b04fa86-bb33-419e-b9b7-f17ded50b48b"
              },
              "type": "Select",
              "inputs": {
                "from": "@variables('varTextPKSKHS')['responsev2/predictionOutput/results'][0]['lines']",
                "select": {
                  "text": "@item()['text']"
                }
              }
            },
            "Process_PKSKHS": {
              "runAfter": {
                "PKSKHS_lines": [
                  "Succeeded"
                ]
              },
              "metadata": {
                "operationMetadataId": "9daad51a-612b-458c-a5b6-d08eaaeca65d",
                "flowSystemMetadata": {
                  "portalOperationId": "aibuilderpredict_customprompt",
                  "portalOperationGroup": "aibuilder",
                  "portalOperationApiDisplayNameOverride": "AI Builder",
                  "portalOperationIconOverride": "https://content.powerapps.com/resource/makerx/static/pauto/images/designeroperations/aiBuilderNew.51dbdb6b.png",
                  "portalOperationBrandColorOverride": "#0A76C4",
                  "portalOperationApiTierOverride": "Standard"
                }
              },
              "type": "OpenApiConnection",
              "inputs": {
                "host": {
                  "connectionName": "shared_commondataserviceforapps_1",
                  "operationId": "aibuilderpredict_customprompt",
                  "apiId": "/providers/Microsoft.PowerApps/apis/shared_commondataserviceforapps"
                },
                "parameters": {
                  "recordId": "887c823a-0d25-4758-8032-71224fd2b566",
                  "item/requestv2/JSON": "@body('PKSKHS_lines')"
                },
                "authentication": "@parameters('$authentication')"
              }
            }
          },
          "runAfter": {
            "Init_varTextBA": [
              "Succeeded"
            ]
          },
          "metadata": {
            "operationMetadataId": "25e81cac-f639-4361-bb3e-571e1fc61cd5"
          },
          "type": "Scope"
        },
        "Update_IBL_Record": {
          "runAfter": {
            "Extract_BARekonsilasi": [
              "Succeeded"
            ],
            "Extract_BAST": [
              "Succeeded"
            ],
            "Extract_BAUT": [
              "Succeeded"
            ],
            "Extract_FAKTUR": [
              "Succeeded"
            ],
            "Extract_INV": [
              "Succeeded"
            ],
            "Extract_PKSKHS": [
              "Succeeded"
            ]
          },
          "metadata": {
            "operationMetadataId": "d06bf962-cc27-4e1e-987a-875f32169d9d"
          },
          "type": "OpenApiConnection",
          "inputs": {
            "host": {
              "connectionName": "shared_commondataserviceforapps_1",
              "operationId": "UpdateRecord",
              "apiId": "/providers/Microsoft.PowerApps/apis/shared_commondataserviceforapps"
            },
            "parameters": {
              "entityName": "crb52_tsccverifikasiibls",
              "recordId": "@triggerOutputs()?['body/crb52_tsccverifikasiiblid']",
              "item/crb52_bahari": "@json(body('Process_BA')['responsev2']?['predictionOutput']?['text'])?['hari serahan ba']",
              "item/crb52_bajumlahharga": "@formatNumber(json(body('Process_BA')['responsev2']?['predictionOutput']?['text'])?['subtotal'], 'Rp #,###')",
              "item/crb52_banamaprojek": "@json(body('Process_BA')['responsev2']?['predictionOutput']?['text'])?['nama projek']",
              "item/crb52_banomorkontrak": "@json(body('Process_BA')['responsev2']?['predictionOutput']?['text'])?['nomor kontrak']",
              "item/crb52_banomorsuratpesanan": "@json(body('Process_BA')['responsev2']?['predictionOutput']?['text'])?['nomor surat pesanan']",
              "item/crb52_bapelaksana": "@json(body('Process_BA')['responsev2']?['predictionOutput']?['text'])?['pelaksana']",
              "item/crb52_batanggal": "@json(body('Process_BA')['responsev2']?['predictionOutput']?['text'])?['tanggal serahan ba']",
              "item/crb52_batanggalkontrak": "@json(body('Process_BA')['responsev2']?['predictionOutput']?['text'])?['tanggal kontrak']",
              "item/crb52_batanggalsuratpesanan": "@json(body('Process_BA')['responsev2']?['predictionOutput']?['text'])?['tanggal surat pesanan']",
              "item/crb52_basthariserahan": "@json(body('Process_BAST')['responsev2']?['predictionOutput']?['text'])?['hari serahan bast']",
              "item/crb52_bastjumlahnilai": "@formatNumber(json(body('Process_BAST')['responsev2']?['predictionOutput']?['text'])?['jumlah nilai'], 'Rp #,###')",
              "item/crb52_bastnamaprojek": "@json(body('Process_BAST')['responsev2']?['predictionOutput']?['text'])?['nama projek']",
              "item/crb52_bastnomorpenetapan": "@json(body('Process_BAST')['responsev2']?['predictionOutput']?['text'])?['nomor penetapan']",
              "item/crb52_bastnomorsuratpesanan": "@json(body('Process_BAST')['responsev2']?['predictionOutput']?['text'])?['nomor surat pesanan']",
              "item/crb52_basttanggalpenetapan": "@json(body('Process_BAST')['responsev2']?['predictionOutput']?['text'])?['tanggal penetapan']",
              "item/crb52_basttanggalserahan": "@json(body('Process_BAST')['responsev2']?['predictionOutput']?['text'])?['tanggal serahan bast']",
              "item/crb52_basttanggalsuratpesanan": "@json(body('Process_BAST')['responsev2']?['predictionOutput']?['text'])?['tanggal surat pesanan']",
              "item/crb52_bautditerima": true,
              "item/crb52_bauthari": "@json(body('Process_BAUT')['responsev2']?['predictionOutput']?['text'])?['hari BAUT']",
              "item/crb52_bautnamaprojek": "@json(body('Process_BAUT')['responsev2']?['predictionOutput']?['text'])?['nama projek']",
              "item/crb52_bautnomorkontrak": "@json(body('Process_BAUT')['responsev2']?['predictionOutput']?['text'])?['nomor kontrak']",
              "item/crb52_bautnomorkotadinas": "@json(body('Process_BAUT')['responsev2']?['predictionOutput']?['text'])?['Nomor Kota Dinas']",
              "item/crb52_bauttanggal": "@json(body('Process_BAUT')['responsev2']?['predictionOutput']?['text'])?['tanggal baut']",
              "item/crb52_fakturjumlahharga": "@formatNumber(json(body('Process_FAKTUR')['responsev2']?['predictionOutput']?['text'])?['subtotal'], 'Rp #,###')",
              "item/crb52_fakturnoserifakturpajak": "@json(body('Process_FAKTUR')['responsev2']?['predictionOutput']?['text'])?['nomor seri faktur pajak']",
              "item/crb52_fakturnomorkontrak": "@json(body('Process_FAKTUR')['responsev2']?['predictionOutput']?['text'])?['nomor surat pesanan']",
              "item/crb52_fakturppn": "@formatNumber(json(body('Process_FAKTUR')['responsev2']?['predictionOutput']?['text'])?['total ppn'], 'Rp #,###')",
              "item/crb52_fakturtanggal": "@json(body('Process_FAKTUR')['responsev2']?['predictionOutput']?['text'])?['tarikh faktur']",
              "item/crb52_invjumlahnilai": "@formatNumber(json(body('Process_INV')['responsev2']?['predictionOutput']?['text'])?['total'], 'Rp #,###')",
              "item/crb52_invketerangan": "@json(body('Process_INV')['responsev2']?['predictionOutput']?['text'])?['keterangan']",
              "item/crb52_invnilaippn": "@formatNumber(json(body('Process_INV')['responsev2']?['predictionOutput']?['text'])?['nilai ppn'], 'Rp #,###')",
              "item/crb52_invnilaisuratpesanan": "@formatNumber(json(body('Process_INV')['responsev2']?['predictionOutput']?['text'])?['subtotal'], 'Rp #,###')",
              "item/crb52_invnomorkontrak": "@json(body('Process_INV')['responsev2']?['predictionOutput']?['text'])?['nomor kontrak']",
              "item/crb52_invnomorsuratpesanan": "@json(body('Process_INV')['responsev2']?['predictionOutput']?['text'])?['nomor surat pesanan']",
              "item/crb52_invtanggal": "@json(body('Process_INV')['responsev2']?['predictionOutput']?['text'])?['tarikh inv']",
              "item/crb52_invtanggalkontrak": "@json(body('Process_INV')['responsev2']?['predictionOutput']?['text'])?['tarikh kontrak']",
              "item/crb52_invtanggalsuratpesanan": "@json(body('Process_INV')['responsev2']?['predictionOutput']?['text'])?['tarikh sp']",
              "item/crb52_pkskhsnamaprojek": "@json(body('Process_PKSKHS')['responsev2']?['predictionOutput']?['text'])?['nama projek']",
              "item/crb52_pkskhsnomoramendment": "@json(body('Process_PKSKHS')['responsev2']?['predictionOutput']?['text'])?['nomor amendment']",
              "item/crb52_pkskhsnomorkontrak": "@json(body('Process_PKSKHS')['responsev2']?['predictionOutput']?['text'])?['nomor kontrak']",
              "item/crb52_pkskhstanggalamendment": "@json(body('Process_PKSKHS')['responsev2']?['predictionOutput']?['text'])?['tanggal amendment']",
              "item/crb52_pkskhstanggalkontrak": "@json(body('Process_PKSKHS')['responsev2']?['predictionOutput']?['text'])?['tanggal kontrak']"
            },
            "authentication": "@parameters('$authentication')"
          }
        },
        "Field_Validation": {
          "actions": {
            "Compose": {
              "runAfter": {},
              "metadata": {
                "operationMetadataId": "2a52b405-fd89-4f15-840f-0bd1ba88663d"
              },
              "type": "Compose",
              "inputs": "Verification"
            },
            "Validation_Check_-_Payment_-_Nomor_SP": {
              "runAfter": {
                "Compose": [
                  "Succeeded"
                ]
              },
              "metadata": {
                "operationMetadataId": "039c2c34-53be-44c9-b7b1-a3c769ad032c",
                "flowSystemMetadata": {
                  "portalOperationId": "aibuilderpredict_customprompt",
                  "portalOperationGroup": "aibuilder",
                  "portalOperationApiDisplayNameOverride": "AI Builder",
                  "portalOperationIconOverride": "https://content.powerapps.com/resource/makerx/static/pauto/images/designeroperations/aiBuilderNew.51dbdb6b.png",
                  "portalOperationBrandColorOverride": "#0A76C4",
                  "portalOperationApiTierOverride": "Standard"
                }
              },
              "type": "OpenApiConnection",
              "inputs": {
                "host": {
                  "connectionName": "shared_commondataserviceforapps",
                  "operationId": "aibuilderpredict_customprompt",
                  "apiId": "/providers/Microsoft.PowerApps/apis/shared_commondataserviceforapps"
                },
                "parameters": {
                  "recordId": "8116bbc6-793f-42b6-94d9-10a4d8d0cef5",
                  "item/requestv2/Input1": "@outputs('Update_IBL_Record')?['body/crb52_fakturnomorkontrak']",
                  "item/requestv2/Input2": "@outputs('Update_IBL_Record')?['body/crb52_invnomorsuratpesanan']"
                },
                "authentication": "@parameters('$authentication')"
              }
            },
            "Validation_Check_-_Payment_-_Subtotal": {
              "runAfter": {
                "Compose": [
                  "Succeeded"
                ]
              },
              "metadata": {
                "operationMetadataId": "f0c92e22-e972-445e-a81a-63648863cac5",
                "flowSystemMetadata": {
                  "portalOperationId": "aibuilderpredict_customprompt",
                  "portalOperationGroup": "aibuilder",
                  "portalOperationApiDisplayNameOverride": "AI Builder",
                  "portalOperationIconOverride": "https://content.powerapps.com/resource/makerx/static/pauto/images/designeroperations/aiBuilderNew.51dbdb6b.png",
                  "portalOperationBrandColorOverride": "#0A76C4",
                  "portalOperationApiTierOverride": "Standard"
                }
              },
              "type": "OpenApiConnection",
              "inputs": {
                "host": {
                  "connectionName": "shared_commondataserviceforapps",
                  "operationId": "aibuilderpredict_customprompt",
                  "apiId": "/providers/Microsoft.PowerApps/apis/shared_commondataserviceforapps"
                },
                "parameters": {
                  "recordId": "8116bbc6-793f-42b6-94d9-10a4d8d0cef5",
                  "item/requestv2/Input1": "@outputs('Update_IBL_Record')?['body/crb52_invnilaisuratpesanan']",
                  "item/requestv2/Input2": "@outputs('Update_IBL_Record')?['body/crb52_fakturjumlahharga']"
                },
                "authentication": "@parameters('$authentication')"
              }
            },
            "Validation_Check_-_Payment_-_Nilai_PNN": {
              "runAfter": {
                "Compose": [
                  "Succeeded"
                ]
              },
              "metadata": {
                "operationMetadataId": "62c359ed-041d-4fc6-ab71-7ebcfdc55739",
                "flowSystemMetadata": {
                  "portalOperationId": "aibuilderpredict_customprompt",
                  "portalOperationGroup": "aibuilder",
                  "portalOperationApiDisplayNameOverride": "AI Builder",
                  "portalOperationIconOverride": "https://content.powerapps.com/resource/makerx/static/pauto/images/designeroperations/aiBuilderNew.51dbdb6b.png",
                  "portalOperationBrandColorOverride": "#0A76C4",
                  "portalOperationApiTierOverride": "Standard"
                }
              },
              "type": "OpenApiConnection",
              "inputs": {
                "host": {
                  "connectionName": "shared_commondataserviceforapps",
                  "operationId": "aibuilderpredict_customprompt",
                  "apiId": "/providers/Microsoft.PowerApps/apis/shared_commondataserviceforapps"
                },
                "parameters": {
                  "recordId": "8116bbc6-793f-42b6-94d9-10a4d8d0cef5",
                  "item/requestv2/Input1": "@outputs('Update_IBL_Record')?['body/crb52_fakturppn']",
                  "item/requestv2/Input2": "@outputs('Update_IBL_Record')?['body/crb52_invnilaippn']"
                },
                "authentication": "@parameters('$authentication')"
              }
            },
            "Validation_Check_-_Delivery_-_Nomor_Surat_Pesanan": {
              "runAfter": {
                "Compose": [
                  "Succeeded"
                ]
              },
              "metadata": {
                "operationMetadataId": "6a7f8aff-e0d2-4906-a645-782c0e4790cd",
                "flowSystemMetadata": {
                  "portalOperationId": "aibuilderpredict_customprompt",
                  "portalOperationGroup": "aibuilder",
                  "portalOperationApiDisplayNameOverride": "AI Builder",
                  "portalOperationIconOverride": "https://content.powerapps.com/resource/makerx/static/pauto/images/designeroperations/aiBuilderNew.51dbdb6b.png",
                  "portalOperationBrandColorOverride": "#0A76C4",
                  "portalOperationApiTierOverride": "Standard"
                }
              },
              "type": "OpenApiConnection",
              "inputs": {
                "host": {
                  "connectionName": "shared_commondataserviceforapps",
                  "operationId": "aibuilderpredict_customprompt",
                  "apiId": "/providers/Microsoft.PowerApps/apis/shared_commondataserviceforapps"
                },
                "parameters": {
                  "recordId": "8116bbc6-793f-42b6-94d9-10a4d8d0cef5",
                  "item/requestv2/Input1": "@outputs('Update_IBL_Record')?['body/crb52_bastnomorsuratpesanan']",
                  "item/requestv2/Input2": "@outputs('Update_IBL_Record')?['body/crb52_banomorsuratpesanan']"
                },
                "authentication": "@parameters('$authentication')"
              }
            },
            "Validation_Check_-_Delivery_-_Tanggal_Surat_Pesanan": {
              "runAfter": {
                "Compose": [
                  "Succeeded"
                ]
              },
              "metadata": {
                "operationMetadataId": "8973eb15-1bfe-4847-95cc-f2b95b308334",
                "flowSystemMetadata": {
                  "portalOperationId": "aibuilderpredict_customprompt",
                  "portalOperationGroup": "aibuilder",
                  "portalOperationApiDisplayNameOverride": "AI Builder",
                  "portalOperationIconOverride": "https://content.powerapps.com/resource/makerx/static/pauto/images/designeroperations/aiBuilderNew.51dbdb6b.png",
                  "portalOperationBrandColorOverride": "#0A76C4",
                  "portalOperationApiTierOverride": "Standard"
                }
              },
              "type": "OpenApiConnection",
              "inputs": {
                "host": {
                  "connectionName": "shared_commondataserviceforapps",
                  "operationId": "aibuilderpredict_customprompt",
                  "apiId": "/providers/Microsoft.PowerApps/apis/shared_commondataserviceforapps"
                },
                "parameters": {
                  "recordId": "8116bbc6-793f-42b6-94d9-10a4d8d0cef5",
                  "item/requestv2/Input1": "@outputs('Update_IBL_Record')?['body/crb52_basttanggalsuratpesanan']",
                  "item/requestv2/Input2": "@outputs('Update_IBL_Record')?['body/crb52_batanggalsuratpesanan']"
                },
                "authentication": "@parameters('$authentication')"
              }
            },
            "Validation_Check_-_Delivery_-_Nama_Projek": {
              "runAfter": {
                "Compose": [
                  "Succeeded"
                ]
              },
              "metadata": {
                "operationMetadataId": "65e7ae9a-988b-4fa0-a243-be7c33ffb823",
                "flowSystemMetadata": {
                  "portalOperationId": "aibuilderpredict_customprompt",
                  "portalOperationGroup": "aibuilder",
                  "portalOperationApiDisplayNameOverride": "AI Builder",
                  "portalOperationIconOverride": "https://content.powerapps.com/resource/makerx/static/pauto/images/designeroperations/aiBuilderNew.51dbdb6b.png",
                  "portalOperationBrandColorOverride": "#0A76C4",
                  "portalOperationApiTierOverride": "Standard"
                }
              },
              "type": "OpenApiConnection",
              "inputs": {
                "host": {
                  "connectionName": "shared_commondataserviceforapps",
                  "operationId": "aibuilderpredict_customprompt",
                  "apiId": "/providers/Microsoft.PowerApps/apis/shared_commondataserviceforapps"
                },
                "parameters": {
                  "recordId": "0795048b-51eb-45c5-9beb-3c7545d7a277",
                  "item/requestv2/Input1": "@outputs('Update_IBL_Record')?['body/crb52_bastnamaprojek']",
                  "item/requestv2/Input3": "@outputs('Update_IBL_Record')?['body/crb52_bautnamaprojek']",
                  "item/requestv2/Input2": "@outputs('Update_IBL_Record')?['body/crb52_banamaprojek']"
                },
                "authentication": "@parameters('$authentication')"
              }
            },
            "Validation_Check_-_3_Way_-_Nomor_Kontrak": {
              "runAfter": {
                "Compose": [
                  "Succeeded"
                ]
              },
              "metadata": {
                "operationMetadataId": "fcbd1cb0-6a86-4a3b-952b-28d3cbf9a826",
                "flowSystemMetadata": {
                  "portalOperationId": "aibuilderpredict_customprompt",
                  "portalOperationGroup": "aibuilder",
                  "portalOperationApiDisplayNameOverride": "AI Builder",
                  "portalOperationIconOverride": "https://content.powerapps.com/resource/makerx/static/pauto/images/designeroperations/aiBuilderNew.51dbdb6b.png",
                  "portalOperationBrandColorOverride": "#0A76C4",
                  "portalOperationApiTierOverride": "Standard"
                }
              },
              "type": "OpenApiConnection",
              "inputs": {
                "host": {
                  "connectionName": "shared_commondataserviceforapps",
                  "operationId": "aibuilderpredict_customprompt",
                  "apiId": "/providers/Microsoft.PowerApps/apis/shared_commondataserviceforapps"
                },
                "parameters": {
                  "recordId": "0795048b-51eb-45c5-9beb-3c7545d7a277",
                  "item/requestv2/Input1": "@outputs('Update_IBL_Record')?['body/crb52_banomorkontrak']",
                  "item/requestv2/Input3": "@outputs('Update_IBL_Record')?['body/crb52_pkskhsnomorkontrak']",
                  "item/requestv2/Input2": "@outputs('Update_IBL_Record')?['body/crb52_invnomorkontrak']"
                },
                "authentication": "@parameters('$authentication')"
              }
            },
            "Validation_Check_-_3_Way_-_Tanggal_Kontrak": {
              "runAfter": {
                "Compose": [
                  "Succeeded"
                ]
              },
              "metadata": {
                "operationMetadataId": "f7dd4afb-33e2-4c0d-b21f-6a5f1011ae86",
                "flowSystemMetadata": {
                  "portalOperationId": "aibuilderpredict_customprompt",
                  "portalOperationGroup": "aibuilder",
                  "portalOperationApiDisplayNameOverride": "AI Builder",
                  "portalOperationIconOverride": "https://content.powerapps.com/resource/makerx/static/pauto/images/designeroperations/aiBuilderNew.51dbdb6b.png",
                  "portalOperationBrandColorOverride": "#0A76C4",
                  "portalOperationApiTierOverride": "Standard"
                }
              },
              "type": "OpenApiConnection",
              "inputs": {
                "host": {
                  "connectionName": "shared_commondataserviceforapps",
                  "operationId": "aibuilderpredict_customprompt",
                  "apiId": "/providers/Microsoft.PowerApps/apis/shared_commondataserviceforapps"
                },
                "parameters": {
                  "recordId": "0795048b-51eb-45c5-9beb-3c7545d7a277",
                  "item/requestv2/Input1": "@outputs('Update_IBL_Record')?['body/crb52_batanggalkontrak']",
                  "item/requestv2/Input3": "@outputs('Update_IBL_Record')?['body/crb52_invtanggalkontrak']",
                  "item/requestv2/Input2": "@outputs('Update_IBL_Record')?['body/crb52_pkskhstanggalkontrak']"
                },
                "authentication": "@parameters('$authentication')"
              }
            },
            "Validation_Check_-_3_Way_-_Nama_Projek": {
              "runAfter": {
                "Compose": [
                  "Succeeded"
                ]
              },
              "metadata": {
                "operationMetadataId": "3da09d92-d247-48b8-8255-a388697ebd8d",
                "flowSystemMetadata": {
                  "portalOperationId": "aibuilderpredict_customprompt",
                  "portalOperationGroup": "aibuilder",
                  "portalOperationApiDisplayNameOverride": "AI Builder",
                  "portalOperationIconOverride": "https://content.powerapps.com/resource/makerx/static/pauto/images/designeroperations/aiBuilderNew.51dbdb6b.png",
                  "portalOperationBrandColorOverride": "#0A76C4",
                  "portalOperationApiTierOverride": "Standard"
                }
              },
              "type": "OpenApiConnection",
              "inputs": {
                "host": {
                  "connectionName": "shared_commondataserviceforapps",
                  "operationId": "aibuilderpredict_customprompt",
                  "apiId": "/providers/Microsoft.PowerApps/apis/shared_commondataserviceforapps"
                },
                "parameters": {
                  "recordId": "0795048b-51eb-45c5-9beb-3c7545d7a277",
                  "item/requestv2/Input1": "@outputs('Update_IBL_Record')?['body/crb52_banamaprojek']",
                  "item/requestv2/Input3": "@outputs('Update_IBL_Record')?['body/crb52_pkskhsnamaprojek']",
                  "item/requestv2/Input2": "@outputs('Update_IBL_Record')?['body/crb52_invketerangan']"
                },
                "authentication": "@parameters('$authentication')"
              }
            },
            "Update_a_row": {
              "runAfter": {
                "Validation_Check_-_Payment_-_Nomor_SP": [
                  "Succeeded"
                ],
                "Validation_Check_-_Payment_-_Subtotal": [
                  "Succeeded"
                ],
                "Validation_Check_-_Payment_-_Nilai_PNN": [
                  "Succeeded"
                ],
                "Validation_Check_-_Delivery_-_Nomor_Surat_Pesanan": [
                  "Succeeded"
                ],
                "Validation_Check_-_Delivery_-_Tanggal_Surat_Pesanan": [
                  "Succeeded"
                ],
                "Validation_Check_-_Delivery_-_Nama_Projek": [
                  "Succeeded"
                ],
                "Validation_Check_-_3_Way_-_Nomor_Kontrak": [
                  "Succeeded"
                ],
                "Validation_Check_-_3_Way_-_Tanggal_Kontrak": [
                  "Succeeded"
                ],
                "Validation_Check_-_3_Way_-_Nama_Projek": [
                  "Succeeded"
                ]
              },
              "metadata": {
                "operationMetadataId": "52ab66f3-e844-48e6-bfcc-3c2d2a727800"
              },
              "type": "OpenApiConnection",
              "inputs": {
                "host": {
                  "connectionName": "shared_commondataserviceforapps",
                  "operationId": "UpdateRecord",
                  "apiId": "/providers/Microsoft.PowerApps/apis/shared_commondataserviceforapps"
                },
                "parameters": {
                  "entityName": "crb52_tsccverifikasiibls",
                  "recordId": "@triggerOutputs()?['body/crb52_tsccverifikasiiblid']",
                  "item/crb52_validasideliverynomorsp": "@if(equals(json(body('Validation_Check_-_Delivery_-_Nomor_Surat_Pesanan')['responsev2']?['predictionOutput']?['text'])?['confidence']\r\n, 'High'), 1, 2)",
                  "item/crb52_validasi3waynamaprojek": "@if(equals(json(body('Validation_Check_-_3_Way_-_Nama_Projek')['responsev2']?['predictionOutput']?['text'])?['confidence']\r\n, 'High'), 1, 2)",
                  "item/crb52_validasi3waynomorkontrak": "@if(equals(json(body('Validation_Check_-_3_Way_-_Nomor_Kontrak')['responsev2']?['predictionOutput']?['text'])?['confidence']\r\n, 'High'), 1, 2)",
                  "item/crb52_validasi3waytanggalkontrak": "@if(equals(json(body('Validation_Check_-_3_Way_-_Tanggal_Kontrak')['responsev2']?['predictionOutput']?['text'])?['confidence']\r\n, 'High'), 1, 2)",
                  "item/crb52_validasideliverynamaprojek": "@if(equals(json(body('Validation_Check_-_Delivery_-_Nama_Projek')['responsev2']?['predictionOutput']?['text'])?['confidence']\r\n, 'High'), 1, 2)",
                  "item/crb52_validasideliverytanggalsp": "@if(equals(json(body('Validation_Check_-_Delivery_-_Nomor_Surat_Pesanan')['responsev2']?['predictionOutput']?['text'])?['confidence']\r\n, 'High'), 1, 2)",
                  "item/crb52_validasinilaippn": "@if(equals(json(body('Validation_Check_-_Payment_-_Nilai_PNN')['responsev2']?['predictionOutput']?['text'])?['confidence']\r\n, 'High'), 1, 2)",
                  "item/crb52_validasinomorsp": "@if(equals(json(body('Validation_Check_-_Payment_-_Nomor_SP')['responsev2']?['predictionOutput']?['text'])?['confidence']\r\n, 'High'), 1, 2)",
                  "item/crb52_validasisubtotal": "@if(equals(json(body('Validation_Check_-_Payment_-_Subtotal')['responsev2']?['predictionOutput']?['text'])?['confidence']\r\n, 'High'), 1, 2)"
                },
                "authentication": "@parameters('$authentication')"
              }
            }
          },
          "runAfter": {
            "Update_IBL_Record": [
              "Succeeded"
            ]
          },
          "metadata": {
            "operationMetadataId": "43aeed66-2cb2-49f7-be0a-7c301fb6dd4f"
          },
          "type": "Scope"
        }
      },
      "outputs": {}
    },
    "templateName": ""
  },
  "schemaVersion": "1.0.0.0"
}