<ImportExportXml version="9.2.24051.210" SolutionPackageVersion="9.2" languagecode="1033" generatedBy="CrmLive" xmlns:xsi="http://www.w3.org/2001/XMLSchema-instance">
  <SolutionManifest>
    <UniqueName>SDAPrototype</UniqueName>
    <LocalizedNames>
      <LocalizedName description="SDA Prototype" languagecode="1033" />
    </LocalizedNames>
    <Descriptions />
    <Version>1.0.0.5</Version>
    <Managed>0</Managed>
    <Publisher>
      <UniqueName>MicrosoftDemo</UniqueName>
      <LocalizedNames>
        <LocalizedName description="Microsoft Demo" languagecode="1033" />
      </LocalizedNames>
      <Descriptions>
        <Description description="For demo solutions - not intended for production use." languagecode="1033" />
      </Descriptions>
      <EMailAddress xsi:nil="true"></EMailAddress>
      <SupportingWebsiteUrl xsi:nil="true"></SupportingWebsiteUrl>
      <CustomizationPrefix>demo</CustomizationPrefix>
      <CustomizationOptionValuePrefix>10000</CustomizationOptionValuePrefix>
      <Addresses>
        <Address>
          <AddressNumber>1</AddressNumber>
          <AddressTypeCode>1</AddressTypeCode>
          <City xsi:nil="true"></City>
          <County xsi:nil="true"></County>
          <Country xsi:nil="true"></Country>
          <Fax xsi:nil="true"></Fax>
          <FreightTermsCode xsi:nil="true"></FreightTermsCode>
          <ImportSequenceNumber xsi:nil="true"></ImportSequenceNumber>
          <Latitude xsi:nil="true"></Latitude>
          <Line1 xsi:nil="true"></Line1>
          <Line2 xsi:nil="true"></Line2>
          <Line3 xsi:nil="true"></Line3>
          <Longitude xsi:nil="true"></Longitude>
          <Name xsi:nil="true"></Name>
          <PostalCode xsi:nil="true"></PostalCode>
          <PostOfficeBox xsi:nil="true"></PostOfficeBox>
          <PrimaryContactName xsi:nil="true"></PrimaryContactName>
          <ShippingMethodCode>1</ShippingMethodCode>
          <StateOrProvince xsi:nil="true"></StateOrProvince>
          <Telephone1 xsi:nil="true"></Telephone1>
          <Telephone2 xsi:nil="true"></Telephone2>
          <Telephone3 xsi:nil="true"></Telephone3>
          <TimeZoneRuleVersionNumber xsi:nil="true"></TimeZoneRuleVersionNumber>
          <UPSZone xsi:nil="true"></UPSZone>
          <UTCOffset xsi:nil="true"></UTCOffset>
          <UTCConversionTimeZoneCode xsi:nil="true"></UTCConversionTimeZoneCode>
        </Address>
        <Address>
          <AddressNumber>2</AddressNumber>
          <AddressTypeCode>1</AddressTypeCode>
          <City xsi:nil="true"></City>
          <County xsi:nil="true"></County>
          <Country xsi:nil="true"></Country>
          <Fax xsi:nil="true"></Fax>
          <FreightTermsCode xsi:nil="true"></FreightTermsCode>
          <ImportSequenceNumber xsi:nil="true"></ImportSequenceNumber>
          <Latitude xsi:nil="true"></Latitude>
          <Line1 xsi:nil="true"></Line1>
          <Line2 xsi:nil="true"></Line2>
          <Line3 xsi:nil="true"></Line3>
          <Longitude xsi:nil="true"></Longitude>
          <Name xsi:nil="true"></Name>
          <PostalCode xsi:nil="true"></PostalCode>
          <PostOfficeBox xsi:nil="true"></PostOfficeBox>
          <PrimaryContactName xsi:nil="true"></PrimaryContactName>
          <ShippingMethodCode>1</ShippingMethodCode>
          <StateOrProvince xsi:nil="true"></StateOrProvince>
          <Telephone1 xsi:nil="true"></Telephone1>
          <Telephone2 xsi:nil="true"></Telephone2>
          <Telephone3 xsi:nil="true"></Telephone3>
          <TimeZoneRuleVersionNumber xsi:nil="true"></TimeZoneRuleVersionNumber>
          <UPSZone xsi:nil="true"></UPSZone>
          <UTCOffset xsi:nil="true"></UTCOffset>
          <UTCConversionTimeZoneCode xsi:nil="true"></UTCConversionTimeZoneCode>
        </Address>
      </Addresses>
    </Publisher>
    <RootComponents>
      <RootComponent type="1" schemaName="demo_sdaextractedfields" behavior="0" />
      <RootComponent type="1" schemaName="demo_sdaprocessinglog" behavior="0" />
      <RootComponent type="9" schemaName="demo_bardadaatautidak" behavior="0" />
      <RootComponent type="9" schemaName="demo_resultverifikasi" behavior="0" />
      <RootComponent type="29" id="{4e044f12-0b1c-ef11-840a-000d3a9e5089}" behavior="0" />
      <RootComponent type="29" id="{63feb2f5-f31b-ef11-840a-000d3a9e5089}" behavior="0" />
      <RootComponent type="29" id="{fc7a4886-c818-ef11-9f89-000d3a9e5089}" behavior="0" />
      <RootComponent type="62" schemaName="demo_SDAVerifikasiOBL" behavior="0" />
      <RootComponent type="80" schemaName="demo_SDAVerifikasiOBL" behavior="0" />
      <RootComponent type="401" id="{38540de5-217e-4077-a18e-3421acb78e1f}" behavior="0" />
      <RootComponent type="401" id="{38de831e-4b36-4740-8153-567d7b36662e}" behavior="0" />
      <RootComponent type="401" id="{5702b84e-8c0f-41b2-9a84-7a842d56c89a}" behavior="0" />
      <RootComponent type="401" id="{73e84939-9168-4df4-9ac2-622a0a895f3d}" behavior="0" />
      <RootComponent type="401" id="{8b946ff1-271a-4d78-b78f-5c800792bcda}" behavior="0" />
      <RootComponent type="401" id="{8c1f46fe-9e7f-4b69-b0ff-38e36f6f5938}" behavior="0" />
      <RootComponent type="401" id="{902e9dfb-8e2b-4b17-ac9c-d9c54fab9e27}" behavior="0" />
    </RootComponents>
    <MissingDependencies>
      <MissingDependency>
        <Required type="61" schemaName="msdyn_/Images/AppModule_Default_Icon.png" displayName="msdyn_/Images/AppModule_Default_Icon.png" solution="AppModuleWebResources (2.5)" />
        <Dependent type="80" schemaName="demo_SDAVerifikasiOBL" displayName="SDA Applikasi Verifikasi OBL" />
      </MissingDependency>
      <MissingDependency>
        <Required type="SettingDefinition" displayName="AppChannel" solution="msdyn_AppFrameworkInfraExtensions (1.0.0.10)" id.uniquename="AppChannel" />
        <Dependent type="AppSetting" displayName="parentappmoduleid.uniquename=demo_SDAVerifikasiOBL,settingdefinitionid.uniquename=AppChannel" id.parentappmoduleid.uniquename="demo_SDAVerifikasiOBL" id.settingdefinitionid.uniquename="AppChannel" />
      </MissingDependency>
    </MissingDependencies>
  </SolutionManifest>
</ImportExportXml>